Date,Open,High,Low,Close,Volume,Dividends,Stock Splits,Capital Gains
2024-05-21,516.7050565718225,518.8918276886369,516.5000244352296,518.735595703125,33437000,0.0,0.0,0.0
2024-05-22,518.0424683735625,518.7551054535538,515.0648847480338,517.241943359375,48390000,0.0,0.0,0.0
2024-05-23,520.2974940619036,520.4048662857896,512.2532170997966,513.4638061523438,57211200,0.0,0.0,0.0
2024-05-24,515.3089561408403,517.6715030328614,514.3620306627067,516.8612060546875,41291100,0.0,0.0,0.0
2024-05-28,517.6715045678355,517.9057929513657,514.5865486245773,517.222412109375,36269600,0.0,0.0,0.0
2024-05-29,513.1905202395113,514.7817983278129,512.8878878194378,513.6005249023438,45190300,0.0,0.0,0.0
2024-05-30,512.0581664345199,512.7220034469959,508.94395393500866,510.1935119628906,46377600,0.0,0.0,0.0
2024-05-31,511.15011057316815,514.967187107586,506.04432903435765,514.8402709960938,90785800,0.0,0.0,0.0
2024-06-03,516.4511771729021,516.7342656913833,510.18366530067414,515.2601318359375,46835700,0.0,0.0,0.0
2024-06-04,513.9519821715993,516.5780734778808,512.4876203186922,515.8361206054688,34632700,0.0,0.0,0.0
2024-06-05,518.1595530381444,521.9864018010747,516.1679828855217,521.9668579101562,47610400,0.0,0.0,0.0
2024-06-06,522.2695576901561,522.6991062505612,520.0242145910106,521.9571533203125,30808500,0.0,0.0,0.0
2024-06-07,520.9808506310355,524.1341502130953,519.8874652579173,521.3225708007812,43224500,0.0,0.0,0.0
2024-06-10,520.5122296802525,523.2554648254413,519.9167369014993,522.9332885742188,35686100,0.0,0.0,0.0
2024-06-11,521.3811087600108,524.2512600728273,519.4090826052437,524.1926879882812,36383400,0.0,0.0,0.0
2024-06-12,528.7615289974312,531.1923600659605,527.4631115100716,528.4979248046875,63251300,0.0,0.0,0.0
2024-06-13,530.2454535391702,530.4211698122318,526.7700371068663,529.5620727539062,44760900,0.0,0.0,0.0
2024-06-14,528.0293342324846,529.9134725597781,527.0237772162169,529.8842163085938,40089900,0.0,0.0,0.0
2024-06-17,529.2008719569648,535.4976399183048,528.7420075865693,534.1015625,55839500,0.0,0.0,0.0
2024-06-18,534.16013957423,535.585473259027,533.7403629842298,535.4585571289062,41376400,0.0,0.0,0.0
2024-06-20,536.3861209491585,537.049958005098,532.2273227123432,534.0040893554688,70328200,0.0,0.0,0.0
2024-06-21,533.1802452520325,534.404483453128,531.8286814958426,533.2879638671875,64338600,1.759,0.0,0.0
2024-06-24,533.1117619254674,535.6777608035513,531.4369822915095,531.5545043945312,45528700,0.0,0.0,0.0
2024-06-25,532.7787259572508,533.9638101987721,531.260682360104,533.6014404296875,37936200,0.0,0.0,0.0
2024-06-26,532.4848968900385,534.9823310545671,531.8385253727439,534.2673950195312,38550600,0.0,0.0,0.0
2024-06-27,534.1303504208262,535.6876080791019,533.3860038559784,535.1097412109375,35041500,0.0,0.0,0.0
2024-06-28,535.8833169111514,538.9390704785369,531.7601208771133,533.00390625,76144500,0.0,0.0,0.0
2024-07-01,534.3848928648134,534.6297405125247,531.339002473828,534.1008911132812,40297800,0.0,0.0,0.0
2024-07-02,532.4947501316359,537.6953125,532.4457925507478,537.6953125,40434800,0.0,0.0,0.0
2024-07-03,537.381917105902,540.457218430894,537.3427629954197,540.0948486328125,32789900,0.0,0.0,0.0
2024-07-05,540.3984429341523,543.6108134486142,539.7618150479054,543.2092895507812,41488400,0.0,0.0,0.0
2024-07-08,543.9926747169111,544.7859786497875,542.7684365626419,543.8359985351562,36110500,0.0,0.0,0.0
2024-07-09,544.7959245684453,545.6969473479489,544.0711849559792,544.364990234375,27289700,0.0,0.0,0.0
2024-07-10,545.5891159264746,550.0942886699685,545.2953107088132,549.7515258789062,38701200,0.0,0.0,0.0
2024-07-11,549.869152242232,550.7408243676441,544.3747844096212,545.0113525390625,53054200,0.0,0.0,0.0
2024-07-12,546.1376877405125,552.0531865568831,545.667599292853,548.4490356445312,53084400,0.0,0.0,0.0
2024-07-15,550.4469707289841,553.1990561394715,548.0964091939553,549.957275390625,40584300,0.0,0.0,0.0
2024-07-16,551.2696499606263,553.5124331903285,550.51549997726,553.2186279296875,36475300,0.0,0.0,0.0
2024-07-17,547.2835053633577,548.9582849622979,545.1386373621594,545.4618530273438,57119000,0.0,0.0,0.0
2024-07-18,546.9995524787638,547.988746727991,539.0860582622142,541.2700805664062,56270400,0.0,0.0,0.0
2024-07-19,541.0350233261719,542.6608454522978,536.6179614633988,537.6757202148438,65509100,0.0,0.0,0.0
2024-07-22,541.6031583779978,543.8263948114603,539.6639835581032,543.2191772460938,43346700,0.0,0.0,0.0
2024-07-23,543.111291105197,545.2659625762393,541.8773090500791,542.3670043945312,34439600,0.0,0.0,0.0
2024-07-24,537.5482547756214,537.8518634391315,529.1548710284035,530.0755004882812,74515300,0.0,0.0,0.0
2024-07-25,530.1931317534066,536.177254363603,526.3735438881854,527.313720703125,61158300,0.0,0.0,0.0
2024-07-26,531.1040247828195,535.9128068838628,530.3302678617441,533.219482421875,53763800,0.0,0.0,0.0
2024-07-29,534.7669398202207,535.7756811771844,531.5349026238763,533.5328979492188,39515800,0.0,0.0,0.0
2024-07-30,535.001925487195,536.0596840862061,527.4214517116767,530.8297119140625,46853600,0.0,0.0,0.0
2024-07-31,537.6658283608423,542.0926929678205,536.2947173976487,539.4581298828125,65663400,0.0,0.0,0.0
2024-08-01,541.1819427118934,543.4345294348678,528.3127341764186,531.8189697265625,76428700,0.0,0.0,0.0
2024-08-02,524.7085981454201,525.9230331199286,517.7059303208597,521.9173583984375,82789100,0.0,0.0,0.0
2024-08-05,501.0955002341847,512.7894282399624,499.75370979338373,506.7171936035156,146267400,0.0,0.0,0.0
2024-08-06,508.51921810050686,518.8322310175004,507.19706454680966,511.3888854980469,84826300,0.0,0.0,0.0
2024-08-07,517.5785847252098,520.63433876445,507.3733501679388,507.97076416015625,70698300,0.0,0.0,0.0
2024-08-08,513.1125407389065,520.3404486814812,511.08525465156777,519.7136840820312,63276600,0.0,0.0,0.0
2024-08-09,518.8909769209239,523.4941251002426,517.6667385635127,522.0054321289062,45619600,0.0,0.0,0.0
2024-08-12,523.2003538167259,524.6889871074426,520.0075304089534,522.2797241210938,42542100,0.0,0.0,0.0
2024-08-13,525.4724436986064,531.1039393955512,525.2275960596088,530.8688354492188,52333100,0.0,0.0,0.0
2024-08-14,531.6622865517797,533.7288466275766,528.9885687226673,532.5437622070312,42446900,0.0,0.0,0.0
2024-08-15,538.1751988274788,541.9556326474029,537.5679813653051,541.671630859375,60846800,0.0,0.0,0.0
2024-08-16,540.0555939415091,543.5814362683599,539.8989177341498,542.8860473632812,44430700,0.0,0.0,0.0
2024-08-19,543.2973511166235,548.0767822265625,542.4452860411917,548.0767822265625,39121800,0.0,0.0,0.0
2024-08-20,547.6263456901657,549.2815184001456,545.8438474042439,547.1856079101562,33732300,0.0,0.0,0.0
2024-08-21,548.2335818085938,550.5253226989936,543.2974141481618,549.0660400390625,41514600,0.0,0.0,0.0
2024-08-22,550.9659542858195,551.5731716544135,543.542157059687,544.756591796875,56121500,0.0,0.0,0.0
2024-08-23,547.9984691071246,551.4850973665338,545.8045838781815,550.5448608398438,50639400,0.0,0.0,0.0
2024-08-26,551.5733022984582,552.2882384520825,547.5284135216066,549.2325439453125,35788600,0.0,0.0,0.0
2024-08-27,547.9593482100599,550.4763897351174,546.8134777136145,549.9866943359375,32693900,0.0,0.0,0.0
2024-08-28,549.6438223396717,550.0747565964821,543.6009392739261,546.7937622070312,41066000,0.0,0.0,0.0
2024-08-29,548.7624007293272,552.0629426061665,545.6969030561269,546.8427734375,38715200,0.0,0.0,0.0
2024-08-30,549.212926690368,552.5722295246512,545.657733766081,552.0629272460938,62700100,0.0,0.0,0.0
2024-09-03,548.9191307501956,549.25214992284,538.1850458833093,540.7020874023438,60600100,0.0,0.0,0.0
2024-09-04,538.8607938634791,543.0035975400444,538.1360542845994,539.5953369140625,47224900,0.0,0.0,0.0
2024-09-05,539.5365467142444,542.3865472945482,535.8246177750381,538.2828979492188,44264300,0.0,0.0,0.0
2024-09-06,538.60608979078,540.231851947678,528.3224880929642,529.2235107421875,68493800,0.0,0.0,0.0
2024-09-09,533.4251872668898,536.4221205223048,531.4957564364314,535.1488647460938,40445800,0.0,0.0,0.0
2024-09-10,537.0587275255268,537.8324845189911,532.1813804449696,537.4798583984375,36394600,0.0,0.0,0.0
2024-09-11,537.3917487162622,543.9144652005341,528.8318826121556,542.9938354492188,75248600,0.0,0.0,0.0
2024-09-12,543.5716351743016,547.8711746400817,541.3483991843773,547.5675659179688,51819600,0.0,0.0,0.0
2024-09-13,548.1747207597754,551.4263046450518,547.920069645679,550.4273071289062,39310500,0.0,0.0,0.0
2024-09-16,550.1629297590999,551.5046902542234,548.360884321784,551.2402954101562,36656100,0.0,0.0,0.0
2024-09-17,553.4536471249235,554.9031859740162,549.2324757022386,551.4655151367188,49321000,0.0,0.0,0.0
2024-09-18,552.1216967889254,556.9696926491016,549.2716961893568,549.8299560546875,59044900,0.0,0.0,0.0
2024-09-19,559.2419958687066,561.0734520318479,556.372387764013,559.2125854492188,75315500,0.0,0.0,0.0
2024-09-20,557.843033129673,559.2871245583524,555.219996107625,558.2457885742188,77503100,1.746,0.0,0.0
2024-09-23,559.3166000053709,560.2891611214185,558.0983802646348,559.6407470703125,44116900,0.0,0.0,0.0
2024-09-24,560.436433653946,561.3009456701543,557.6071325028291,561.2420043945312,46805700,0.0,0.0,0.0
2024-09-25,561.0849426444706,561.8217386948093,558.8941616149112,560.0042724609375,38428600,0.0,0.0,0.0
2024-09-26,564.2678851150425,564.5920921622151,559.866775948692,562.2244873046875,48336000,0.0,0.0,0.0
2024-09-27,563.295359810012,564.1107043094071,560.3776161208616,561.4091186523438,42100900,0.0,0.0,0.0
2024-09-30,560.3775886747461,564.2678934162012,558.078818569817,563.6588134765625,63557400,0.0,0.0,0.0
2024-10-01,563.3052513338224,563.9536055755817,556.0355051968223,558.609375,72668800,0.0,0.0,0.0
2024-10-02,557.7153138155387,559.8667605957481,555.3182683616095,558.8450317382812,38097800,0.0,0.0,0.0
2024-10-03,557.3714411111998,559.7684865712154,555.5343678239607,557.8233642578125,40846500,0.0,0.0,0.0
2024-10-04,562.273664576873,563.2658929623027,558.09848649286,562.892578125,42939100,0.0,0.0,0.0
2024-10-07,561.2421538745174,561.8905680396737,556.6543868115797,557.8037719726562,49964700,0.0,0.0,0.0
2024-10-08,560.377637870892,563.67853004462,559.5033520489247,563.0792236328125,37398700,0.0,0.0,0.0
2024-10-09,563.0693978961492,567.5393423690588,562.4701514366566,566.9793701171875,37912200,0.0,0.0,0.0
2024-10-10,565.6334128471475,567.411544847049,564.375918856187,565.987060546875,44138100,0.0,0.0,0.0
2024-10-11,565.9084606662699,570.1131388058892,565.7709110163313,569.3763427734375,42268000,0.0,0.0,0.0
2024-10-14,570.9874990099419,574.966246072679,570.5061351329805,574.032958984375,36217200,0.0,0.0,0.0
2024-10-15,574.2981924836022,574.6027324678581,568.3546560789198,569.5728759765625,54203600,0.0,0.0,0.0
2024-10-16,569.5729286407808,572.5692210133667,568.7673576490918,572.0485229492188,30725400,0.0,0.0,0.0
2024-10-17,575.594918349773,575.801242846272,571.9109378019983,572.0975952148438,34393700,0.0,0.0,0.0
2024-10-18,573.787292295603,575.0840605235142,572.3235337539761,574.2981567382812,37416800,0.0,0.0,0.0
2024-10-21,573.5711395635755,574.5535342943244,570.378356688641,573.3550415039062,36439000,0.0,0.0,0.0
2024-10-22,570.8204209471064,574.2096946097226,570.1622332957213,573.0504760742188,34183800,0.0,0.0,0.0
2024-10-23,571.0267810694698,571.4688706983893,564.3071746074978,567.8143310546875,49314600,0.0,0.0,0.0
2024-10-24,569.7693209618997,569.8479293354313,566.4193810527883,569.0423583984375,34979900,0.0,0.0,0.0
2024-10-25,571.2724939588697,574.1705710382292,567.9028864933955,568.845947265625,47268200,0.0,0.0,0.0
2024-10-28,572.3236221809337,572.451338311336,570.2998911399899,570.6044311523438,30174700,0.0,0.0,0.0
2024-10-29,569.6415300427301,572.6476553589258,568.2465463889694,571.5277709960938,42899700,0.0,0.0,0.0
2024-10-30,571.0562623128328,573.0505525749719,569.0914726763393,569.798828125,41435800,0.0,0.0,0.0
2024-10-31,565.4271839715354,565.4959588071013,558.4325373559277,558.6290283203125,60182500,0.0,0.0,0.0
2024-11-01,561.2617936558026,565.4173043933644,560.5741053167588,560.9866943359375,45667500,0.0,0.0,0.0
2024-11-04,561.1242574334378,562.4210257711015,557.8922001113365,559.7783813476562,38217000,0.0,0.0,0.0
2024-11-05,560.6920242782184,566.5863933486033,560.4759261934032,566.547119140625,39478300,0.0,0.0,0.0
2024-11-06,578.8270705681771,581.5089893813079,575.0841485043231,580.6346435546875,68182000,0.0,0.0,0.0
2024-11-07,582.6386570968723,586.1458133207747,582.5600487330294,585.1240844726562,47233200,0.0,0.0,0.0
2024-11-08,585.674234913322,589.0831757216504,585.674234913322,587.65869140625,46444900,0.0,0.0,0.0
2024-11-11,589.2501303160354,589.6037779981073,586.4896037587446,588.2186279296875,37586800,0.0,0.0,0.0
2024-11-12,588.1400498376755,588.739296212128,583.9059310932324,586.3914184570312,43006100,0.0,0.0,0.0
2024-11-13,586.8531544283672,588.6803942959151,584.4856094336134,586.6763305664062,47388600,0.0,0.0,0.0
2024-11-14,586.804069200042,587.2854330583992,582.2163022724781,582.9039306640625,38904100,0.0,0.0,0.0
2024-11-15,579.3378226480269,579.8094129170865,573.5810036102117,575.437744140625,75988800,0.0,0.0,0.0
2024-11-18,575.8993966406199,579.1118465214918,575.0349444617987,577.7954711914062,37001700,0.0,0.0,0.0
2024-11-19,574.4160398519082,580.6345552744816,573.7480186357969,579.9075927734375,49412000,0.0,0.0,0.0
2024-11-20,579.9862433981077,580.3889988810581,574.3374733314436,580.1041259765625,50032600,0.0,0.0,0.0
2024-11-21,582.953055915256,584.6427460672937,577.1077952881657,583.21826171875,46750300,0.0,0.0,0.0
2024-11-22,583.2084735757152,585.654687007179,582.7075025920674,585.0259399414062,38226400,0.0,0.0,0.0
2024-11-25,588.965270737662,590.2816460152659,584.7213185752529,587.0103149414062,42441400,0.0,0.0,0.0
2024-11-26,588.2579731618996,590.7434606979054,587.5408441710033,590.075439453125,45621300,0.0,0.0,0.0
2024-11-27,589.8887226529953,590.2718110026187,586.7647148108081,588.2874145507812,34000200,0.0,0.0,0.0
2024-11-29,589.1028202958577,592.7278593888155,588.8277809402925,591.9419555664062,30177400,0.0,0.0,0.0
2024-12-02,592.3545765627109,593.6808455477146,591.8633791521069,593.0029907226562,31746000,0.0,0.0,0.0
2024-12-03,592.7671496331845,593.5235527754064,591.735647195163,593.2779541015625,26906600,0.0,0.0,0.0
2024-12-04,594.9677449089698,597.2075737883222,594.2997236656325,596.9619750976562,42787600,0.0,0.0,0.0
2024-12-05,596.9620090763937,597.7675800229049,595.6259665136723,595.9796142578125,28762200,0.0,0.0,0.0
2024-12-06,596.7460157204997,598.3473243526508,596.3334266132642,597.1094970703125,31241500,0.0,0.0,0.0
2024-12-09,596.9915028268559,597.1584931551176,593.445071963169,594.0344848632812,34742700,0.0,0.0,0.0
2024-12-10,594.7123228135097,595.134745373381,591.529373321926,592.1875610351562,37234500,0.0,0.0,0.0
2024-12-11,595.115147903942,597.7184581352288,594.8400485801485,596.7655639648438,28677700,0.0,0.0,0.0
2024-12-12,595.901123418652,596.4708692968294,593.6907348632812,593.6907348632812,31543800,0.0,0.0,0.0
2024-12-13,595.7242008087076,596.4413297893211,592.1973772710232,593.57275390625,35904700,0.0,0.0,0.0
2024-12-16,595.3312295236393,597.0799209921157,594.5551592425911,596.1072998046875,43695200,0.0,0.0,0.0
2024-12-17,593.5530296358272,594.5157572113583,592.2759285750876,593.6512451171875,55773500,0.0,0.0,0.0
2024-12-18,593.3467745348553,595.7339866328443,575.5752867073982,575.9584350585938,108248700,0.0,0.0,0.0
2024-12-19,580.9490228826561,582.5601648792804,575.5360174904994,575.7816162109375,85919500,0.0,0.0,0.0
2024-12-20,573.4513839180992,587.231466902458,572.6036351958548,582.697265625,125716700,1.966,0.0,0.0
2024-12-23,582.440932357683,586.7878476994515,579.2570769218985,586.1865844726562,57635800,0.0,0.0,0.0
2024-12-24,587.5370230202848,592.7415539521577,586.9554328723399,592.7020874023438,33160100,0.0,0.0,0.0
2024-12-26,590.9279213446937,593.8652919269226,589.5282423631364,592.7416381835938,41219100,0.0,0.0,0.0
2024-12-27,588.9958066290322,589.2324254266508,582.31278453499,586.5020141601562,64969300,0.0,0.0,0.0
2024-12-30,579.4838439796579,583.2787692142718,576.0535631828352,579.80908203125,56578800,0.0,0.0,0.0
2024-12-31,581.4750217267025,582.1946245791215,576.0635312685974,577.6998291015625,57052700,0.0,0.0,0.0
2025-01-02,580.9624149327,582.6775253068124,572.1995172748154,576.2803344726562,50204000,0.0,0.0,0.0
2025-01-03,579.1289967873591,584.1264484268344,578.044689478734,583.4857788085938,37888500,0.0,0.0,0.0
2025-01-06,587.7440065436294,591.1249540533898,585.1121413237427,586.8469848632812,47679400,0.0,0.0,0.0
2025-01-07,588.8774861019172,589.202784283761,578.3896729800513,580.2131958007812,60393100,0.0,0.0,0.0
2025-01-08,580.282291853868,582.1354148697908,576.8323377526707,581.0609741210938,47304700,0.0,0.0,0.0
2025-01-10,577.5025797313914,577.5715860296085,570.2773736421228,572.1896362304688,73105000,0.0,0.0,0.0
2025-01-13,567.5371468067242,573.4316201868376,567.123109023982,573.0767822265625,47910100,0.0,0.0,0.0
2025-01-14,576.0043111010004,576.6351742776535,570.0802375478183,573.8653564453125,48420600,0.0,0.0,0.0
2025-01-15,581.8889752343268,585.4473419377294,580.7751281246863,584.303955078125,56900200,0.0,0.0,0.0
2025-01-16,585.6740294157521,585.8514484014332,582.4803673486446,583.1802368164062,43319700,0.0,0.0,0.0
2025-01-17,588.4242703969026,590.7899174222187,587.0935375428814,589.035400390625,58070600,0.0,0.0,0.0
2025-01-21,592.0810894520482,594.4369296257112,590.1096871636119,594.4270629882812,42532900,0.0,0.0,0.0
2025-01-22,597.2560928487167,599.1289493146973,596.7041025475482,597.7686767578125,48196000,0.0,0.0,0.0
2025-01-23,597.1377185948221,601.03125,596.8617535693179,601.03125,41152100,0.0,0.0,0.0
2025-01-24,601.0904500891409,602.0466115435261,598.1234798327728,599.2767333984375,34604700,0.0,0.0,0.0
2025-01-27,586.3049484329972,591.1151752666312,586.1373960687419,590.7997436523438,70361100,0.0,0.0,0.0
2025-01-28,592.031779311243,596.713859452747,588.7099714764748,595.8760375976562,44433300,0.0,0.0,0.0
2025-01-29,595.0874967960807,595.4916679771449,590.6518414168764,593.204833984375,37177400,0.0,0.0,0.0
2025-01-30,595.3240968992558,597.9263022497843,592.130374590218,596.3886108398438,39281300,0.0,0.0,0.0
2025-01-31,598.8134974486875,601.2383441338676,592.4557124803268,593.2147216796875,66566900,0.0,0.0,0.0
2025-02-03,584.1954227420036,591.7064599079472,582.0466016788057,589.2225341796875,65857200,0.0,0.0,0.0
2025-02-04,589.281761222817,593.6878166788046,588.7396375989994,593.17529296875,33457800,0.0,0.0,0.0
2025-02-05,592.0515554519985,595.7282015036632,590.021013481686,595.580322265625,30653100,0.0,0.0,0.0
2025-02-06,597.3250313642651,597.778475552574,594.013089933138,597.6503295898438,35771500,0.0,0.0,0.0
2025-02-07,598.2121736064561,599.4344333824486,591.4699514014874,592.1796875,50788500,0.0,0.0,0.0
2025-02-10,595.3931329282537,596.8420848342793,594.1215398587573,596.2013549804688,26048700,0.0,0.0,0.0
2025-02-11,593.9343010016065,597.1969698690995,593.8160216596527,596.6548461914062,30056700,0.0,0.0,0.0
2025-02-12,590.6321754646003,595.9056528588447,589.9520392250456,594.732666015625,45076100,0.0,0.0,0.0
2025-02-13,595.8366046698266,601.2185545419917,594.5749384975967,601.0115356445312,40921300,0.0,0.0,0.0
2025-02-14,601.2186143347305,602.2535886001177,600.3610590723445,600.9820556640625,26910400,0.0,0.0,0.0
2025-02-18,602.1451966252264,602.7464599609375,599.6809434502483,602.7464599609375,26749000,0.0,0.0,0.0
2025-02-19,601.3566689008733,604.4615919136522,600.8440849703791,604.1658935546875,31011100,0.0,0.0,0.0
2025-02-20,602.7956695963146,602.9336821985821,598.3403412349714,601.6522827148438,36554000,0.0,0.0,0.0
2025-02-21,601.435409514207,601.5734221193063,590.8982614234848,591.361572265625,76519800,0.0,0.0,0.0
2025-02-24,593.4118132885562,594.4073810554311,587.9608571639533,588.6705932617188,50737200,0.0,0.0,0.0
2025-02-25,588.6115273648803,589.3409366661995,581.1300283822392,585.7431030273438,58266500,0.0,0.0,0.0
2025-02-26,587.4088964020577,591.0067297705009,583.3970853838995,586.0387573242188,43321600,0.0,0.0,0.0
2025-02-27,588.3156475632774,589.468961108592,576.2901428845248,576.6843872070312,74196700,0.0,0.0,0.0
2025-02-28,577.1872200213395,586.2162169760591,574.1118369424444,585.6839599609375,88744100,0.0,0.0,0.0
2025-03-03,587.6552532272791,588.7987001526899,571.6080711867788,575.4227294921875,74249200,0.0,0.0,0.0
2025-03-04,571.4207954091844,577.0195703305991,564.0674436853699,568.6115112304688,109648200,0.0,0.0,0.0
2025-03-05,568.4440493526719,576.5169448984452,564.8856823224501,574.7229614257812,71230500,0.0,0.0,0.0
2025-03-06,567.2513477016495,571.874289065213,561.9680033325571,564.52099609375,80094900,0.0,0.0,0.0
2025-03-07,562.7368186254731,569.1340095542192,557.5421542389136,567.6849975585938,81158800,0.0,0.0,0.0
2025-03-10,559.4741670846696,561.3962362827218,547.6457527585567,552.5643920898438,99326600,0.0,0.0,0.0
2025-03-11,551.4012894751355,555.9552243228402,544.1268096197261,547.9710083007812,88102100,0.0,0.0,0.0
2025-03-12,554.1315858671662,555.0581473332891,545.7728595599632,550.8787841796875,69588200,0.0,0.0,0.0
2025-03-13,550.5042540653316,551.1153839968962,541.8202288918889,543.5353393554688,74079400,0.0,0.0,0.0
2025-03-14,548.1583018697701,555.7679467233177,543.604366956188,554.7625122070312,62660300,0.0,0.0,0.0
2025-03-17,554.742702735982,561.5637976935186,554.3089918436672,559.0404052734375,49008700,0.0,0.0,0.0
2025-03-18,556.7240886177484,556.9409741907108,551.0661727165913,552.9981689453125,66041400,0.0,0.0,0.0
2025-03-19,554.7821880592443,562.7860764826731,553.5993346617712,559.0206909179688,66556000,0.0,0.0,0.0
2025-03-20,555.2751474371241,562.4116154449966,554.5555445552985,557.4042358398438,62958200,0.0,0.0,0.0
2025-03-21,552.9413897854555,558.4877939738346,551.7055567482902,557.5880737304688,83763000,1.696,0.0,0.0
2025-03-24,564.3307537296456,568.6314886589248,563.7375780431137,567.5736083984375,58766800,0.0,0.0,0.0
2025-03-25,568.7797068467552,569.8771119506348,567.1879685958952,568.9379272460938,38355700,0.0,0.0,0.0
2025-03-26,568.6709866041082,569.7980806984394,560.7616559941828,562.1458129882812,51848300,0.0,0.0,0.0
2025-03-27,560.7517355574175,564.4296055114135,558.5371327368356,560.6528930664062,42164200,0.0,0.0,0.0
2025-03-28,559.1204968505267,559.8521002775326,548.7790253468997,549.3623046875,71662700,0.0,0.0,0.0
2025-03-31,543.5984615291653,554.3551567474991,540.6719872727307,553.0501098632812,95328200,0.0,0.0,0.0
2025-04-01,551.1320571376683,556.559825628618,547.4047657676659,554.6121215820312,54609600,0.0,0.0,0.0
2025-04-02,548.7592465118332,560.9890444564371,548.52197624234,558.1219482421875,76014500,0.0,0.0,0.0
2025-04-03,538.9319060881811,541.7594774009829,530.6172485351562,530.6172485351562,125986000,0.0,0.0,0.0
2025-04-04,517.7349036725598,519.9099817661254,499.3358369172059,499.5533447265625,217965100,0.0,0.0,0.0
2025-04-07,483.6457288710085,517.2405945444942,476.3394695378794,498.66357421875,256611400,0.0,0.0,0.0
2025-04-08,515.9454154101668,519.0300496454024,483.61604333672847,490.85308837890625,165816600,0.0,0.0,0.0
2025-04-09,487.84755542038147,542.4021606445312,487.46196103833506,542.4021606445312,241867300,0.0,0.0,0.0
2025-04-10,526.1385878330984,527.4535310578508,503.5475844453038,518.6346435546875,162331200,0.0,0.0,0.0
2025-04-11,517.0824330937988,530.3503195313269,514.1757514102393,527.8885498046875,97866300,0.0,0.0,0.0
2025-04-14,537.883883195208,538.1113174755011,527.8093712828247,533.009765625,68034000,0.0,0.0,0.0
2025-04-15,533.5536182929557,537.0732685211545,530.726046664157,531.5169677734375,56892900,0.0,0.0,0.0
2025-04-16,525.6541223320015,531.7937621429162,514.3931980244283,519.7023315429688,83484800,0.0,0.0,0.0
2025-04-17,521.6599483491107,525.1499093262158,517.9721816819745,520.44384765625,79868100,0.0,0.0,0.0
2025-04-21,515.2533065114334,515.7872249375157,502.6972625032136,508.05584716796875,69368100,0.0,0.0,0.0
2025-04-22,514.2450097037921,523.3011683263503,513.3057644566182,521.2744140625,75948100,0.0,0.0,0.0
2025-04-23,534.3049739114415,539.2483058984949,527.8292210770832,529.3517456054688,90590700,0.0,0.0,0.0
2025-04-24,530.6369834977514,541.2256220112762,529.3814182452572,540.4940185546875,64150400,0.0,0.0,0.0
2025-04-25,540.454522631326,544.804618673288,537.5280483044934,544.3992919921875,61119600,0.0,0.0,0.0
2025-04-28,545.1407910444296,547.2762839575454,538.8429907853031,544.6068725585938,47613800,0.0,0.0,0.0
2025-04-29,542.6887574529197,549.1546732609154,542.3328520901122,548.0374755859375,47775100,0.0,0.0,0.0
2025-04-30,541.3640897959557,550.2126665027023,535.3826699025942,548.2550659179688,93101500,0.0,0.0,0.0
2025-05-01,554.0189932525213,557.6770710508032,551.5374308999284,552.1405029296875,63186100,0.0,0.0,0.0
2025-05-02,558.3295262045715,561.9381825044319,556.006184429092,560.3365478515625,60717300,0.0,0.0,0.0
2025-05-05,556.1940033222468,560.2277786911415,555.3338684753841,557.1233520507812,38659200,0.0,0.0,0.0
2025-05-06,551.6066618961361,556.9652171268149,550.64768441023,552.466796875,48264700,0.0,0.0,0.0
2025-05-07,553.8014338302406,557.4298221355041,549.7379696101782,554.7901000976562,55588000,0.0,0.0,0.0
2025-05-08,558.8337754612519,563.8463212534109,555.333918196641,558.6558227539062,65130800,0.0,0.0,0.0
2025-05-09,560.0597310271954,561.0681900796083,556.3819209310694,557.9440307617188,37603400,0.0,0.0,0.0
2025-05-12,574.8797762427796,576.3924646775216,570.4999916854949,576.382568359375,78993600,0.0,0.0,0.0
2025-05-13,576.7977862928067,582.403567726764,576.2342995973956,580.18896484375,67947200,0.0,0.0,0.0
2025-05-14,581.1478975288738,582.3046201283636,578.9036058641954,580.930419921875,66283500,0.0,0.0,0.0
2025-05-15,578.9234551699535,584.2721134769878,578.4686469334371,583.7679443359375,71268100,0.0,0.0,0.0
2025-05-16,584.5489982766968,587.7621640177526,582.6013544692614,587.465576171875,76052100,0.0,0.0,0.0
2025-05-19,581.4347167753893,588.7903975982244,581.4347167753893,588.1082153320312,68168500,0.0,0.0,0.0
2025-05-20,586.3681289429425,587.317209981726,582.917632829089,586.1307983398438,60614500,0.0,0.0,0.0
2025-05-21,581.7708648204313,585.8639582409971,575.2258980125081,576.2540893554688,95197700,0.0,0.0,0.0
2025-05-22,576.0563267018498,579.971467292194,574.8204937262445,576.4815063476562,70860400,0.0,0.0,0.0
2025-05-23,569.4520392436427,575.2159811048424,569.0763411937487,572.5465698242188,76029000,0.0,0.0,0.0
2025-05-27,579.4276923460704,584.6082943415249,571.8742669840636,584.4501342773438,72588500,0.0,0.0,0.0
2025-05-28,584.8554566278126,586.0517646206928,580.3372442209068,581.06884765625,68445500,0.0,0.0,0.0
2025-05-29,586.3384441000501,586.4768718669775,579.4276761926377,583.362548828125,69973300,0.0,0.0,0.0
2025-05-30,582.2552747565533,584.430352826958,576.6297607292682,582.7100830078125,90601200,0.0,0.0,0.0
2025-06-02,581.0985818518681,586.0715425417425,578.429170462151,585.9924926757812,61630500,0.0,0.0,0.0
2025-06-03,585.6266079138771,590.3128764026674,585.1421107506463,589.3341064453125,63606200,0.0,0.0,0.0
2025-06-04,590.1943197189499,591.1730898063917,588.7409487228937,589.1759643554688,57314200,0.0,0.0,0.0
2025-06-05,590.8566609128592,592.2111289512687,584.3512195951713,586.3285522460938,92278700,0.0,0.0,0.0
2025-06-06,591.8749474768216,594.0203968199735,590.0953601848463,592.3495483398438,66588700,0.0,0.0,0.0
2025-06-09,592.9229477814916,594.4356362447949,591.7069074945726,592.8834228515625,53016400,0.0,0.0,0.0
2025-06-10,593.4173023897237,596.6304681071312,592.3001649023746,596.2449340820312,66247000,0.0,0.0,0.0
2025-06-11,597.3423765043648,598.2025114763902,592.4781545343917,594.54443359375,73658200,0.0,0.0,0.0
2025-06-12,593.2096245779508,596.9072265625,592.7251877881479,596.9072265625,64129000,0.0,0.0,0.0
2025-06-13,591.7168252456129,595.0288334634262,588.731033484191,590.2338256835938,89506000,0.0,0.0,0.0
2025-06-16,593.5953591830877,597.599446226556,593.4173461203459,595.8494873046875,79984100,0.0,0.0,0.0
2025-06-17,593.4074309844862,594.9299553868199,589.9965201271316,590.7578125,82209400,0.0,0.0,0.0
2025-06-18,591.6574895866379,594.4059506456396,589.7097855095001,590.6688232421875,76605000,0.0,0.0,0.0
2025-06-20,593.3471074282096,594.4180406328666,587.8735160730708,589.2816162109375,94051400,1.761,0.0,0.0
2025-06-23,590.0351674928282,595.4889076465048,586.9116980815279,595.1022338867188,87426000,0.0,0.0,0.0
2025-06-24,599.2470472798032,602.737399696003,598.3347417480489,601.6764526367188,67735300,0.0,0.0,0.0
2025-06-25,602.7969444947229,603.4910690166892,600.4468830082857,602.0136108398438,62114800,0.0,0.0,0.0
2025-06-26,603.8679120398481,607.1599955272326,603.2531315625092,606.7236938476562,78548400,0.0,0.0,0.0
2025-06-27,607.7252035075089,611.2056913389495,605.692457719191,609.7380981445312,86258400,0.0,0.0,0.0
2025-06-30,612.1873634601734,614.0118537505704,609.867018033134,612.6533813476562,92502500,0.0,0.0,0.0
2025-07-01,611.1758893553448,613.625146088841,610.3429883405835,612.455078125,70030100,0.0,0.0,0.0
2025-07-02,612.0484833566157,615.2711481262035,611.4237773441516,615.2315063476562,66510400,0.0,0.0,0.0
2025-07-03,617.214676143094,621.0124795190609,617.194824993195,620.0803833007812,51065800,0.0,0.0,0.0
2025-07-07,618.1170465947881,618.7814549531971,612.6732314169623,615.4595947265625,74814500,0.0,0.0,0.0
2025-07-08,616.1238907210633,616.8775081543645,614.3093261623386,615.1224365234375,59024600,0.0,0.0,0.0
2025-07-09,617.5319680301938,619.4655183729625,615.6875662931247,618.8110961914062,66113300,0.0,0.0,0.0
2025-07-10,618.9499658515675,621.5974919629854,617.7699723301522,620.5563354492188,57529000,0.0,0.0,0.0
2025-07-11,617.5022136064131,619.6043777491163,616.3024294765994,618.3748168945312,63670200,0.0,0.0,0.0
2025-07-14,617.9186024028506,619.901780492049,616.5700558274259,619.5547485351562,51898500,0.0,0.0,0.0
2025-07-15,622.2420420602726,622.5791484786782,616.8279435196437,616.9072875976562,74317300,0.0,0.0,0.0
2025-07-16,618.4937831556223,619.4754466932056,612.8516386863737,618.9697265625,88987500,0.0,0.0,0.0
2025-07-17,619.1482301954767,623.1145864157634,618.9300491320286,622.757568359375,68885700,0.0,0.0,0.0
2025-07-18,624.007017899032,624.175571102461,621.1909387049365,622.301513671875,65621600,0.0,0.0,0.0
2025-07-21,623.4815063476562,626.2281670376054,623.0551302914085,623.4815063476562,63375000,0.0,0.0,0.0
2025-07-22,623.8087114591411,624.4334174667899,620.9232136557434,623.5707397460938,60046300,0.0,0.0,0.0
2025-07-23,626.2381323551606,628.8757934570312,624.4334327911965,628.8757934570312,70511000,0.0,0.0,0.0
2025-07-24,629.2624631630094,630.7994747941685,628.6576082944551,629.083984375,71307100,0.0,0.0,0.0
2025-07-25,629.748350781943,632.2173979677802,629.5004535059064,631.7413940429688,56865400,0.0,0.0,0.0
2025-07-28,632.1181999979412,632.6734874729789,630.1945147233831,631.582763671875,54917100,0.0,0.0,0.0
2025-07-29,632.9809077241022,633.2982235137306,629.0046860832861,629.9169311523438,60556300,0.0,0.0,0.0
2025-07-30,630.5713386132512,632.3165451544952,626.2281734095909,629.1236572265625,80418900,0.0,0.0,0.0
2025-07-31,634.0816044685715,634.4682782312485,625.4646925404661,626.763671875,103385200,0.0,0.0,0.0
2025-08-01,621.0322789916852,621.0719812920488,614.0812292944926,616.4907836914062,140103600,0.0,0.0,0.0
2025-08-04,620.4075271113948,625.9108344398344,620.3183179857707,625.8612670898438,73218000,0.0,0.0,0.0
2025-08-05,626.476110377079,627.2892207726588,621.7660617410078,622.688232421875,68051400,0.0,0.0,0.0
2025-08-06,623.7590952688204,628.1121858315174,622.8468502662965,627.457763671875,64357500,0.0,0.0,0.0
2025-08-07,630.8886206499576,631.6223868787783,623.8185857342208,626.9321899414062,74205800,0.0,0.0,0.0
2025-08-08,628.727047311219,632.2868791777582,628.4097315038053,631.82080078125,64051600,0.0,0.0,0.0
2025-08-11,632.0984361099556,633.5758942477272,629.3219380955197,630.5713500976562,58742300,0.0,0.0,0.0
2025-08-12,632.9214680410968,637.4431125105409,631.434084195598,637.2844848632812,64730800,0.0,0.0,0.0
2025-08-13,639.4857330110176,640.7549961752953,637.2745085703324,639.4659423828125,60092800,0.0,0.0,0.0
2025-08-14,637.3835851461316,640.1897994624859,636.9374184340268,639.5254516601562,59327500,0.0,0.0,0.0
2025-08-15,640.5566774831647,640.6558727131268,637.11589211782,638.0281372070312,68592500,0.0,0.0,0.0
2025-08-18,637.4529805837014,638.5834067295413,636.7787072305159,637.8892822265625,43804900,0.0,0.0,0.0
2025-08-19,637.7108075589789,638.6924711313014,633.1098193903536,634.4286499023438,69750700,0.0,0.0,0.0
2025-08-20,634.0221086228163,634.2798709561484,627.6263466835007,632.742919921875,88890300,0.0,0.0,0.0
2025-08-21,630.9283690027011,632.604096553562,628.4791123479844,630.2044677734375,54805800,0.0,0.0,0.0
2025-08-22,632.3958993542917,641.0623787509013,631.8901792096084,639.8823852539062,84083200,0.0,0.0,0.0
2025-08-25,638.6230253017661,639.8625116828326,636.9472372936925,637.0662231445312,51274300,0.0,0.0,0.0
2025-08-26,636.7985773675441,640.0807351008626,636.1738713484165,639.733642578125,51581600,0.0,0.0,0.0
2025-08-27,639.148612992103,641.9250504526357,638.9998504138363,641.1912841796875,48341100,0.0,0.0,0.0
2025-08-28,641.7961126896905,644.0172625669782,639.9121297324674,643.4619750976562,61519500,0.0,0.0,0.0
2025-08-29,642.0242015644989,642.3911452321481,637.7306640961879,639.6245727539062,74522200,0.0,0.0,0.0
2025-09-02,632.13804448044,635.1028861742022,629.5797276837342,634.884765625,81983500,0.0,0.0,0.0
2025-09-03,637.2646148509236,638.7917009543937,635.0732414506999,638.3256225585938,70820900,0.0,0.0,0.0
2025-09-04,638.999797688006,643.6900550422279,638.09747828346,643.6602783203125,65219200,0.0,0.0,0.0
2025-09-05,646.0004708304714,646.7243720544352,637.9190556866993,641.796142578125,85178900,0.0,0.0,0.0
2025-09-08,643.1644862104067,644.3742563254497,641.7861629025881,643.3727416992188,63133100,0.0,0.0,0.0
2025-09-09,643.5115612591451,645.3856792185645,641.7762803015634,644.8601684570312,66133900,0.0,0.0,0.0
2025-09-10,648.122479271532,649.0446498954948,645.1576374702139,646.724365234375,78034500,0.0,0.0,0.0
2025-09-11,648.6778210448584,652.7929404681626,648.092817304151,652.0988159179688,69934400,0.0,0.0,0.0
2025-09-12,652.0689585463732,653.5662677492645,651.3748946038203,651.8805541992188,72780100,0.0,0.0,0.0
2025-09-15,654.0918582328915,655.4800466805781,653.7943936028013,655.3511352539062,63772400,0.0,0.0,0.0
2025-09-16,655.9063983981582,656.213849113272,653.6654579201036,654.4487915039062,61169000,0.0,0.0,0.0
2025-09-17,654.4587781451693,656.1543568928759,648.7967821934204,653.6357421875,101952200,0.0,0.0,0.0
2025-09-18,656.3229972048737,659.2977648370164,654.7166275252608,656.6898803710938,90459200,0.0,0.0,0.0
2025-09-19,658.5800832029405,660.7874850308027,656.6311583459587,659.9423217773438,97945600,1.831,0.0,0.0
2025-09-22,658.4508309420254,663.5119788762895,658.4209716621773,663.0645751953125,69452200,0.0,0.0,0.0
2025-09-23,662.9452156846509,663.5617612775759,658.2320617574377,659.4551391601562,81708900,0.0,0.0,0.0
2025-09-24,660.7477220570149,660.8471316064555,655.9350982101993,657.3569946289062,68082200,0.0,0.0,0.0
2025-09-25,654.2149171420698,655.6765652531099,650.7048739536411,654.3242797851562,89622100,0.0,0.0,0.0
2025-09-26,655.7760789419195,658.619871988132,654.1553026157394,658.072998046875,69179200,0.0,0.0,0.0
2025-09-29,660.5985670660314,661.5134019828115,658.112721358766,659.9224243164062,73499000,0.0,0.0,0.0
2025-09-30,659.1766647693167,662.8756347075731,657.8641309647478,662.4082641601562,86288000,0.0,0.0,0.0
2025-10-01,659.4152702620313,665.5801794564833,659.3059076216911,664.6654052734375,72545400,0.0,0.0,0.0
2025-10-02,666.6540464714482,666.7733621981591,663.004842335434,665.4309692382812,56896000,0.0,0.0,0.0
2025-10-03,666.1966948783695,668.8714672806448,664.377038831869,665.421142578125,70494400,0.0,0.0,0.0
2025-10-06,667.8174482099862,668.7024238148077,665.669704301124,667.8074951171875,54623300,0.0,0.0,0.0
2025-10-07,668.7322238208072,669.1796881705657,663.8898014056139,665.3316040039062,72020100,0.0,0.0,0.0
2025-10-08,666.4552183740389,669.398481470165,665.6299006256374,669.2990112304688,60702200,0.0,0.0,0.0
2025-10-09,669.7166839203261,670.1243359074817,665.4211353124821,667.3600463867188,66501900,0.0,0.0,0.0
2025-10-10,668.324542434099,670.1342452495495,649.14378031214,649.32275390625,159422600,0.0,0.0,0.0
2025-10-13,656.9095884512618,661.3642043859337,656.0345659370097,659.2860107421875,79560500,0.0,0.0,0.0
2025-10-14,653.4492417720955,662.0602448848334,649.4718888267987,658.4805908203125,88779600,0.0,0.0,0.0
2025-10-15,663.0446129876665,666.4352795829697,655.1992699391986,661.4039306640625,81702600,0.0,0.0,0.0
2025-10-16,663.0445999065358,664.9239136533134,653.3895542222015,656.8995971679688,110563300,0.0,0.0,0.0
2025-10-17,655.7660892614911,661.9906565438909,654.4138037793879,660.62841796875,96500900,0.0,0.0,0.0
2025-10-20,663.5418206897375,668.4041493887289,663.4921159142255,667.499267578125,60493400,0.0,0.0,0.0
2025-10-21,667.638493864759,669.1797060532549,666.1867381348511,667.4893188476562,56249000,0.0,0.0,0.0
2025-10-22,668.1953369980629,668.1953369980629,659.5445816579371,664.0191040039062,80564000,0.0,0.0,0.0
2025-10-23,664.3372592841532,668.9012985038863,664.019063764971,667.9566650390625,65604500,0.0,0.0,0.0
2025-10-24,672.6300829996666,674.628651928334,671.8246714345047,673.4155883789062,74356500,0.0,0.0,0.0
2025-10-27,678.8645527756448,681.658640907831,678.2580209918731,681.3603515625,63339800,0.0,0.0,0.0
2025-10-28,683.1600908523567,685.0095454543999,680.9526890414517,683.1700439453125,61738100,0.0,0.0,0.0
2025-10-29,684.8206562449755,685.795149064121,679.0038013689816,683.4982299804688,85657100,0.0,0.0,0.0
2025-10-30,680.0279821977349,682.0564104652303,675.9810180664062,675.9810180664062,76335800,0.0,0.0,0.0
2025-10-31,681.1614116072222,681.2012239761448,675.3942622450203,678.1983032226562,87164100,0.0,0.0,0.0
2025-11-03,681.7878948104295,681.9171636388411,676.0903560257897,679.4711303710938,57315000,0.0,0.0,0.0
2025-11-04,672.2820616639051,676.1103005794487,670.7607556049009,671.4169921875,78427000,0.0,0.0,0.0
2025-11-05,671.1583975728993,677.0051112074705,670.3529860359731,673.7437133789062,74402400,0.0,0.0,0.0
2025-11-06,672.6399897028363,673.5448715272548,664.9338680034818,666.514892578125,85035300,0.0,0.0,0.0
2025-11-07,664.1284090392404,667.2805048704689,657.4663915648358,667.1710815429688,100592400,0.0,0.0,0.0
2025-11-10,673.4056154266486,678.3176487268574,671.2081667723378,677.5818481445312,75842900,0.0,0.0,0.0
2025-11-11,676.1002762110339,679.6997756663966,674.8871520395073,679.1329956054688,58953400,0.0,0.0,0.0
2025-11-12,680.9129156193362,681.0819968300743,677.0946904605516,679.5109252929688,62312500,0.0,0.0,0.0
2025-11-13,676.6472315164618,677.0051787486752,666.7237544337754,668.235107421875,103457800,0.0,0.0,0.0
2025-11-14,661.612768198211,671.8345335183507,659.5147291242073,668.1256713867188,96846700,0.0,0.0,0.0
2025-11-17,665.9083353081996,669.8956413839408,658.4209391867944,661.901123046875,90456100,0.0,0.0,0.0
2025-11-18,658.3512953245886,661.354216097308,652.146634691611,656.3427734375,114467500,0.0,0.0,0.0
2025-11-19,657.0388554539629,663.5617119214406,655.0203196831769,658.8783569335938,94703000,0.0,0.0,0.0
2025-11-20,669.1001291109939,671.7351497651099,648.1991802397498,648.8355712890625,165293500,0.0,0.0,0.0
2025-11-21,651.3412595795126,660.7874729698119,647.1650267848305,655.2987670898438,123956200,0.0,0.0,0.0
2025-11-24,658.9380055466532,666.2662734630499,657.8442577670318,664.9437866210938,80437900,0.0,0.0,0.0
2025-11-25,664.8444060411854,672.3815071629971,660.717877921785,671.1982421875,81077100,0.0,0.0,0.0
2025-11-26,673.7934667684052,677.8404309302599,672.8885849296569,675.8318481445312,71879600,0.0,0.0,0.0
2025-11-28,677.0051081523229,679.7991961322198,676.6471609574353,679.5208129882812,49212000,0.0,0.0,0.0
2025-12-01,674.9667014318244,679.1230277654502,674.8970904760725,676.41845703125,61201200,0.0,0.0,0.0
2025-12-02,678.0591325179204,679.9483994968172,675.4838303983408,677.67138671875,62953800,0.0,0.0,0.0
2025-12-03,676.7167950740063,681.0321891246488,675.8417725523884,680.0180053710938,57238500,0.0,0.0,0.0
2025-12-04,681.4199577792665,681.4895687361658,677.4824173401821,680.51513671875,61970300,0.0,0.0,0.0
2025-12-05,681.5890143183475,684.4925257185774,680.7040993957534,681.8078002929688,79241000,0.0,0.0,0.0
2025-12-08,682.7027235077143,682.7524282821314,677.7111260885928,679.7594604492188,55231500,0.0,0.0,0.0
2025-12-09,679.2822138612034,681.5095218770947,678.7253868572307,679.1727905273438,58310100,0.0,0.0,0.0
2025-12-10,678.6955405173951,685.0692222502689,677.4526176554032,683.6771850585938,85671300,0.0,0.0,0.0
2025-12-11,681.2609148661827,685.3476304583654,678.3076987410943,685.26806640625,86173700,0.0,0.0,0.0
2025-12-12,684.2737672143002,684.9797692517327,675.3247225627367,677.9000854492188,113160300,0.0,0.0,0.0
2025-12-15,681.8574988128718,681.8774049984522,675.4042533093998,676.8758544921875,90811000,0.0,0.0,0.0
2025-12-16,675.3843754405706,677.2239376857725,671.1584377196804,675.0264282226562,122030600,0.0,0.0,0.0
2025-12-17,676.0406154817738,676.5874893555698,667.3998140691156,667.5986938476562,110625200,0.0,0.0,0.0
2025-12-18,673.7635606688432,676.8857972779194,671.0788959983324,672.6399536132812,108650100,0.0,0.0,0.0
2025-12-19,674.747283458469,679.2350273728672,674.6275542880097,678.7363891601562,103599500,1.993,0.0,0.0
2025-12-22,682.0772531068674,683.4933686131409,678.7364013691785,682.96484375,69556700,0.0,0.0,0.0
2025-12-23,682.0572680421344,686.325640311278,682.0074163952171,686.0863037109375,64840000,0.0,0.0,0.0
2025-12-24,686.0763204450832,688.9484813838191,685.9267046355759,688.4996948242188,39445600,0.0,0.0,0.0
2025-12-26,688.758988861415,689.7761694005526,687.392725060237,688.4298706054688,41613300,0.0,0.0,0.0
2025-12-29,685.6674092439482,687.322922191004,684.2014421207446,685.9765625,62559500,0.0,0.0,0.0
2025-12-30,685.5777200962995,686.6846823672308,684.7100944386586,685.138916015625,47160700,0.0,0.0,0.0
2025-12-31,685.2685588951464,685.4879304984822,679.8533550408816,680.062744140625,74144800,0.0,0.0,0.0
2026-01-02,683.842447277036,684.999261161205,677.9684744567207,681.309326171875,89377200,0.0,0.0,0.0
2026-01-05,684.6701449336617,687.5522884526621,684.5106074856512,685.846923828125,71927200,0.0,0.0,0.0
2026-01-06,686.0563439630641,690.4344019511112,685.9067890249802,689.92578125,69273800,0.0,0.0,0.0
2026-01-07,690.3047811958188,692.0699799720542,687.4426026835383,687.701904296875,75588300,0.0,0.0,0.0
2026-01-08,686.9439569075789,688.7390423054183,685.6175622141362,687.632080078125,64019200,0.0,0.0,0.0
2026-01-09,688.7489932725086,693.4162394407576,687.3029303433501,692.1796264648438,80125500,0.0,0.0,0.0
2026-01-12,688.7988836287034,694.1941832506386,688.7490319805348,693.2666625976562,63976000,0.0,0.0,0.0
2026-01-13,693.595779418591,694.194181802135,689.467040360938,691.8804931640625,78309700,0.0,0.0,0.0
2026-01-14,689.1180078469732,689.8360176539858,684.1714948792828,688.479736328125,94676700,0.0,0.0,0.0
2026-01-15,692.678285342935,693.5558934557131,689.3673203481677,690.3546142578125,77862000,0.0,0.0,0.0
2026-01-16,691.7707369284135,692.359156800422,688.22043529661,689.7761840820312,79289200,0.0,0.0,0.0
2026-01-20,679.6338820353151,682.9049778344743,674.7272992054969,675.7345581054688,111623300,0.0,0.0,0.0
2026-01-21,677.7989248999835,686.8641332264262,676.2830453044572,683.5332641601562,127844500,0.0,0.0,0.0
2026-01-22,687.9711412752974,689.2476843606095,685.0491285530771,687.103515625,77112200,0.0,0.0,0.0
2026-01-23,686.2757685331861,689.0781127396581,685.2884137823622,687.352783203125,63059600,0.0,0.0,0.0
2026-01-26,688.609372319757,692.2394730275811,688.0409174669724,690.84326171875,60473800,0.0,0.0,0.0
2026-01-27,692.2893344912051,694.6329705879123,691.6810104865692,693.5957641601562,55506100,0.0,0.0,0.0
2026-01-28,695.1515053497095,695.9393926651097,692.0499903412962,693.5259399414062,61172200,0.0,0.0,0.0
2026-01-29,694.4933553961189,695.1615135683285,682.9648421722587,692.1497192382812,97486200,0.0,0.0,0.0
2026-01-30,689.9058246991844,692.3192774332931,685.2485609149509,690.0853271484375,101835100,0.0,0.0,0.0
2026-02-02,687.7019133171445,695.0318708971434,687.5423149981101,693.5159912109375,79286500,0.0,0.0,0.0
2026-02-03,694.3138377504575,695.0617950648859,682.1670182684101,687.6520385742188,107904600,0.0,0.0,0.0
2026-02-04,688.4697490630058,689.5667896413613,679.9031787408285,684.3211059570312,105204600,0.0,0.0,0.0
2026-02-05,679.0854402743204,681.8279505601881,673.9494421186707,675.7744750976562,113610800,0.0,0.0,0.0
2026-02-06,679.6039887472712,690.4244132010324,678.995603890688,688.739013671875,89127600,0.0,0.0,0.0
2026-02-09,687.5423060693106,693.9747512796714,686.4652913399738,692.0599975585938,73885200,0.0,0.0,0.0
2026-02-10,693.0572335194393,694.64286887948,689.7761552680904,690.2349243164062,65185700,0.0,0.0,0.0
2026-02-11,694.4933668556342,695.2413241987686,687.3029816841566,690.075439453125,76353900,0.0,0.0,0.0
2026-02-12,692.3491972008484,693.4561594586687,678.5169776231163,679.41455078125,118829000,0.0,0.0,0.0
2026-02-13,679.833354327075,684.410879804094,675.6747287653898,679.8931884765625,96267500,0.0,0.0,0.0
2026-02-17,678.287593220413,683.074507822494,673.9394826742099,680.9901733398438,81354700,0.0,0.0,0.0
2026-02-18,682.157061237011,687.2730943282486,680.9702998190471,684.4208374023438,73570300,0.0,0.0,0.0
2026-02-19,681.9775120282383,684.311104689823,679.6937101433548,682.61572265625,58649400,0.0,0.0,0.0
2026-02-20,680.4616860592505,688.1805961724377,679.8732661615737,687.5523071289062,100034000,0.0,0.0,0.0
2026-02-23,685.9566804858357,688.1207533479937,678.5169762252317,680.531494140625,90558100,0.0,0.0,0.0
2026-02-24,680.0427976196477,686.4751816677359,678.1479481229125,685.4779052734375,73798700,0.0,0.0,0.0
2026-02-25,688.3002642742074,691.7907319065998,688.2204651135966,691.26220703125,56369500,0.0,0.0,0.0
2026-02-26,691.391808867856,691.4117130049051,682.486077089091,687.422607421875,71671000,0.0,0.0,0.0
2026-02-27,681.2295779636313,684.9892686841309,679.7835149777827,684.1216430664062,83308900,0.0,0.0,0.0
2026-03-02,676.8515442239554,686.744509644098,676.1734035367807,684.5106201171875,87477200,0.0,0.0,0.0
2026-03-03,673.221445388408,680.7508704958498,667.8361281509542,678.4771118164062,105003100,0.0,0.0,0.0
2026-03-04,679.7735096903759,685.2186606854194,677.7689744100875,683.2639770507812,79182200,0.0,0.0,0.0
2026-03-05,680.2223290726917,683.6629449535216,673.7699188745959,679.4544067382812,106606500,0.0,0.0,0.0
2026-03-06,671.5758690877306,674.2685275228549,667.9358467743081,670.5487060546875,100687000,0.0,0.0,0.0
2026-03-09,664.5750801817165,678.0681991431876,660.5859743093405,676.4227294921875,102667700,0.0,0.0,0.0
2026-03-10,675.87413967305,681.4987932365287,672.9222404542279,675.3356323242188,81505300,0.0,0.0,0.0
2026-03-11,675.7345715953234,678.2277626375325,671.5061293267642,674.4879760742188,68441700,0.0,0.0,0.0
2026-03-12,669.3319958917509,669.8207124533001,664.0564256954588,664.2459106445312,108882200,0.0,0.0,0.0
2026-03-13,667.4472371497842,670.5088831921612,659.5587462493693,660.4862060546875,97200200,0.0,0.0,0.0
2026-03-16,666.5596317087426,670.239584206393,665.3030536555561,667.2078857421875,82023100,0.0,0.0,0.0
2026-03-17,670.5586914524959,672.60309589337,667.8760155087483,668.9630126953125,87128000,0.0,0.0,0.0
2026-03-18,666.5396583763402,667.8959397089973,659.3892034355257,659.6285400390625,82062600,0.0,0.0,0.0
2026-03-19,655.1806813207687,661.1743225351036,653.3855958813168,658.0029907226562,111272500,0.0,0.0,0.0
2026-03-20,656.510009765625,656.6900024414062,644.719970703125,648.5700073242188,163617500,1.797,0.0,0.0
2026-03-23,658.0700073242188,662.6199951171875,653.9400024414062,655.3800048828125,134802700,0.0,0.0,0.0
2026-03-24,651.3200073242188,657.030029296875,649.8800048828125,653.1799926757812,96457500,0.0,0.0,0.0
2026-03-25,658.6699829101562,660.8900146484375,654.239990234375,656.8200073242188,90653800,0.0,0.0,0.0
2026-03-26,652.0599975585938,654.8499755859375,644.8200073242188,645.0900268554688,96494400,0.0,0.0,0.0
2026-03-27,642.5,642.6599731445312,633.1099853515625,634.0900268554688,103649400,0.0,0.0,0.0
2026-03-30,640.1099853515625,640.3699951171875,629.280029296875,631.969970703125,99275900,0.0,0.0,0.0
2026-03-31,638.9400024414062,651.5399780273438,637.97998046875,650.3400268554688,152534100,0.0,0.0,0.0
2026-04-01,653.9000244140625,658.52001953125,653.0,655.239990234375,97841500,0.0,0.0,0.0
2026-04-02,646.4199829101562,658.2000122070312,645.1099853515625,655.8300170898438,68358700,0.0,0.0,0.0
2026-04-06,655.8599853515625,659.719970703125,655.52001953125,658.9299926757812,39105800,0.0,0.0,0.0
2026-04-07,656.6500244140625,659.6099853515625,651.0599975585938,659.219970703125,69980400,0.0,0.0,0.0
2026-04-08,676.3900146484375,677.0800170898438,671.4600219726562,676.010009765625,93606100,0.0,0.0,0.0
2026-04-09,674.8400268554688,681.1599731445312,673.77001953125,679.9099731445312,57134400,0.0,0.0,0.0
2026-04-10,681.3200073242188,682.030029296875,678.4500122070312,679.4600219726562,42253500,0.0,0.0,0.0
2026-04-13,677.4099731445312,686.2999877929688,676.5800170898438,686.0999755859375,54185800,0.0,0.0,0.0
2026-04-14,687.6900024414062,694.5800170898438,687.6599731445312,694.4600219726562,63480500,0.0,0.0,0.0
2026-04-15,695.260009765625,700.280029296875,694.2000122070312,699.9400024414062,58240400,0.0,0.0,0.0
2026-04-16,701.0599975585938,702.780029296875,698.530029296875,701.6599731445312,49972400,0.0,0.0,0.0
2026-04-17,706.1400146484375,712.3900146484375,705.760009765625,710.1400146484375,70661900,0.0,0.0,0.0
2026-04-20,708.780029296875,709.9099731445312,706.1400146484375,708.719970703125,43546800,0.0,0.0,0.0
2026-04-21,710.280029296875,711.280029296875,702.6400146484375,704.0800170898438,58941400,0.0,0.0,0.0
2026-04-22,709.1500244140625,711.4500122070312,708.219970703125,711.2100219726562,42518500,0.0,0.0,0.0
2026-04-23,709.5,712.3599853515625,702.280029296875,708.4500122070312,56174000,0.0,0.0,0.0
2026-04-24,710.75,714.469970703125,709.010009765625,713.9400024414062,45182000,0.0,0.0,0.0
2026-04-27,713.1699829101562,715.6300048828125,712.2999877929688,715.1699829101562,33135900,0.0,0.0,0.0
2026-04-28,711.8200073242188,712.8800048828125,709.25,711.6900024414062,43117400,0.0,0.0,0.0
2026-04-29,711.0,712.2000122070312,708.3699951171875,711.5800170898438,41859200,0.0,0.0,0.0
2026-04-30,714.6300048828125,719.7899780273438,710.4500122070312,718.6599731445312,67240900,0.0,0.0,0.0
2026-05-01,721.25,724.8699951171875,720.469970703125,720.6500244140625,43049800,0.0,0.0,0.0
2026-05-04,720.0700073242188,722.1199951171875,714.989990234375,718.010009765625,51950600,0.0,0.0,0.0
2026-05-05,721.77001953125,725.0399780273438,721.489990234375,723.77001953125,36933200,0.0,0.0,0.0
2026-05-06,728.1599731445312,734.5900268554688,727.8200073242188,733.8300170898438,53288900,0.0,0.0,0.0
2026-05-07,735.0499877929688,736.1300048828125,729.75,731.5800170898438,51724600,0.0,0.0,0.0
2026-05-08,734.9299926757812,738.0800170898438,734.5700073242188,737.6199951171875,47227100,0.0,0.0,0.0
2026-05-11,736.4500122070312,740.7899780273438,736.4500122070312,739.2999877929688,44024000,0.0,0.0,0.0
2026-05-12,736.8900146484375,738.8400268554688,731.8300170898438,738.1799926757812,54185300,0.0,0.0,0.0
2026-05-13,738.469970703125,743.9099731445312,735.469970703125,742.3099975585938,44200200,0.0,0.0,0.0
2026-05-14,743.6500244140625,749.530029296875,743.5599975585938,748.1699829101562,45307600,0.0,0.0,0.0
2026-05-15,741.7899780273438,743.4600219726562,737.9600219726562,739.1699829101562,60410800,0.0,0.0,0.0
2026-05-18,739.8300170898438,741.4199829101562,733.3900146484375,738.6500244140625,47843900,0.0,0.0,0.0
2026-05-19,734.780029296875,737.6500244140625,731.530029296875,733.72998046875,54255900,0.0,0.0,0.0
2026-05-20,735.7100219726562,741.8699951171875,733.8900146484375,741.25,45646400,0.0,0.0,0.0
