cagr,sharpe,max_drawdown_pct
0.6110113506037789,3.3765659715416314,5.865669261156173
0.3328068343135828,1.8851703268300661,10.330523879044271
0.12206788723489304,0.8968492847565683,7.7884264248452855
0.29323950031970347,1.821668558523645,8.189949743986885
0.4254632315757121,2.3727451872404277,7.8053479042622556
0.14185249583246184,1.031011566102176,6.167502475514074
0.5586939316597861,3.121081077176779,5.256003026543142
0.5164267782724621,3.096157159509944,4.045166113237017
0.42591430279219056,2.3136307409820542,6.625765141784077
0.38977740105161107,2.3438140614659027,9.534454503063456
0.3369552309658228,2.2366883778679507,8.621232296001008
0.20814555541158342,1.3388215540031092,9.466003012685578
0.22733835008674919,1.5146874366566931,9.191864938667814
0.4676060203322481,2.663085014093086,5.784694528040448
0.40453876593164173,2.3874546321692725,7.068050768392665
0.7801384895081187,3.8246040866014757,4.975234615930516
0.2347711375924697,1.6184293720998442,8.67758927667534
0.35943738810806436,2.2457880644432633,5.680040091736494
0.3639827113170018,2.2196997350682253,5.423789001848455
0.49879036592204673,2.872036069902177,6.910176519670546
0.23782904513650016,1.6225135326634326,8.46910332678513
0.325801365546607,1.9396901778385371,4.877720350393766
0.2050584560940505,1.3278671611611799,12.239151214483615
0.2923782687125742,1.7034087112674212,9.573395980867575
0.6987174188547178,3.2109626458500604,8.264844491338899
0.3272332178994235,2.1520278888823254,5.218789128859546
0.34217471877564387,2.030811177267488,6.430514195427568
0.5550138934714226,2.903099520660096,5.518982433574536
0.3805980795823962,2.345135231978643,7.20649379891113
0.09299658641229991,0.6646500473129056,11.7855445141089
0.20601571906520033,1.4111573562405875,8.950603339727156
0.42438210632066586,2.4531838295899724,6.697457838483663
0.2314769586849419,1.6267203631788105,9.332077426376086
0.4535148052613758,2.562178876487508,4.915688363387177
0.5586000498600965,2.8716269271506656,6.3680010274217365
-0.05093638668689271,-0.23563600671072948,19.001511379874998
0.4687908176040161,2.9015831171546154,4.746613726700877
0.18753204212146235,1.339753651219205,8.032922893461041
0.40877330678284607,2.6371807230127,7.427842626962669
0.25214231167964485,1.5827953041025937,6.197218993318186
0.20137769179969345,1.2499420717484477,7.88797835269378
0.5456676062384578,2.923963495630504,4.528275286551405
0.6687805341556257,3.3811564820144793,5.840314363855583
0.24372414534550657,1.5594340973276133,9.543761936436645
0.12077177696369845,0.8223948224761439,6.83464697317999
0.24775478807077578,1.5516405238613968,11.691834173487504
0.29211243053124725,2.101009640474033,4.427185489790927
0.4490199874122769,2.424635359874365,6.2597234971834625
0.3001792195794677,2.0224168978154693,5.0671202701566065
0.43922321613080006,2.711022305390258,6.080455944360012
0.3633624187588915,1.979728131239411,8.83675967568878
0.5161108752210388,2.5342511319118,9.628403771174487
0.41053116191164407,2.2934625784724676,10.726671609916382
0.5812024945906713,3.002976367887933,5.590250322450931
0.1584339382226474,1.0378094519177663,9.694942490441811
0.6231697917254011,3.3041332521388718,5.761660808059925
0.5878523163549825,2.8045230089921023,10.446095276096083
0.42855826134287955,2.3094272621857534,5.622106797541903
0.34123948558597683,2.149448998197122,9.799101878044581
0.5114829081559134,2.6164081934010737,5.786660643587865
0.3001312148588424,1.6968578335293425,9.220289558905478
0.24363073118303524,1.520846216821768,6.678044605973815
0.01818277155214476,0.19443898849115338,18.7188359710108
0.2646297500651358,1.6518901490774833,4.338784881266995
0.582744741958271,3.297725190038044,4.172335504521777
0.18262156717281797,1.1262341760208667,11.766674818784328
0.2444419449225681,1.5478215840074363,7.036851932451975
0.435230074794283,2.2633307397713835,13.13914213986083
0.32060496123280346,1.9045074430066942,5.470054966442956
0.3274384023785277,2.0244580085184465,6.531041928650469
0.4695620444998818,2.9937461066074285,5.268232017156723
0.326845901504045,2.099517965633002,7.8271731861092775
0.3621803897628062,2.199272743417395,5.340762397661196
0.5377104707730622,2.7303664024651644,7.524525746650425
0.4749738097840879,2.5459949956202856,6.371437248848465
0.5135309294761938,3.156485639594598,7.236474094228804
0.426133568602439,2.4779457908422766,9.419444447670946
0.4125851259429463,2.556285811122865,8.42766337893596
0.5633811348817077,2.8155117143565684,7.686630060728433
0.41066861673969557,2.452189444550401,5.995387497496117
0.12329616254258147,1.006466071214689,7.173502569474797
0.561937578482181,3.1425792160329578,4.89913259830952
0.5554400346960322,2.7262024567504017,5.7622670818257635
0.23693615275513902,1.3708954059040692,10.538474566446704
0.20946389135960675,1.5298694402487012,7.438399432802542
0.3814232459730347,2.3839709425281557,4.964267749991094
0.2595736053917055,1.6640633915978722,8.61781302798745
0.5037486728021232,2.9342552701073426,4.795166317892106
0.5149613122616707,2.6408109605912773,5.8551020241235845
0.14612565304246194,0.9563056258121942,6.5892280642407375
0.519365049556505,3.14321218593541,5.084995688432327
0.4406432662178619,2.7253794609703768,6.1760553024639435
0.2931555181823411,1.9073451686159002,8.681789754639926
0.16242663017934134,1.1381790710648683,8.313492146157664
0.117179765411348,0.870785417841018,14.197983750082779
0.3223907424086727,1.9962278146731771,7.624967110096508
0.7505597840271185,3.5681829021492053,5.5322220592071005
0.5135925005751678,2.9663939836654576,7.973871075424488
0.5207287042875077,2.9150399854995426,7.605385817224882
0.37144973338698817,2.0836746394612318,5.825237781152091
0.28321398589110425,1.7853725469729134,5.843363584413988
0.7177409749305395,4.214090381172693,4.713400117160293
0.024604868880574227,0.24063234010645565,8.945891844694993
0.2980194610216724,1.8419656508008992,4.185414611794165
0.577366550106406,3.329828269003055,8.123454759409716
0.098722245414673,0.7166861482204542,9.706952272288511
-0.11868671860012492,-0.6056193958812957,24.953255074459783
0.13543701264844366,0.9197941221467938,4.840723808440237
0.4205691996951877,2.426206379324075,7.263200403595239
0.3292270276410034,2.155753394170399,5.794790133694814
0.3889645437502429,2.578761807889988,4.535940931586677
0.3154362211973938,2.0233432203063377,8.381460408793982
0.3452075616996515,2.2080960474760185,7.556985657575053
0.33975530735131465,2.2935575470461136,6.798168857089186
0.5729939636108226,3.3087393451119773,5.612737054262058
0.24949457354552473,1.4205707230500004,7.232488428312587
0.34412220994264975,2.0691815505891054,4.842197359203721
0.5672580775425424,3.2314032409746014,3.740268157944546
0.3414996181531489,2.0211296745205054,12.123344712243828
0.40803489034944684,2.3290906100016597,7.050721000266223
0.18385904729177627,1.2049859519854882,10.411815016146173
0.35015138967499637,1.937019628603216,6.4833822151915435
0.22215209641320288,1.5535329099761732,13.493403157332615
0.3162520568734166,1.86902884471071,8.166283096278914
0.21779254925000435,1.460123105462332,7.630960061011143
0.15682779880811926,1.1655644243587782,6.286876761994721
0.4380792543608176,2.5979887529445844,4.540208247745317
0.035076011756026704,0.3165520636897394,10.786980233407768
0.664435080682781,3.867332743299387,3.576966494325607
0.21502491445605254,1.4647972678516348,6.6377803794693575
0.27799766214105337,1.8472722848585605,10.205271744068106
0.2856221624554749,1.8040512452867041,9.178627915724324
0.4690086775049538,2.6725475763638498,4.358453998575329
0.16629494588943006,1.1646183824814853,7.333126720371819
0.2675692737545219,1.8988998669136168,4.529941809682847
0.5334474230805049,2.8781652373494837,4.937721055751854
0.29264210905815013,1.9328392730849644,6.042589184167985
0.5393549485795939,3.323074519588417,3.400965392609899
0.11511474971163005,0.7660645281767927,8.169652454461595
0.4476886807221121,2.618189913054663,6.1760583081134985
0.5538063759346785,2.9126480186644526,7.453881107888562
0.5565029589150383,3.05753847495337,4.686397953280727
0.12392113804800187,0.9183861856759963,8.88876461287724
0.1903828443876403,1.0672626458675596,8.533583148890859
0.21681813312487397,1.4016628009550838,9.161681096313485
0.3698918218985896,2.3233920622302637,5.955703994379923
0.4479619123266747,2.599665875344823,7.262141275364183
0.2888430093431915,2.101700563796873,3.56638527806487
0.3755862674532675,2.2391079133853085,5.810003213052242
0.4914058635760228,2.6282130976904106,8.365910488661365
0.15998686914839788,1.0459372340489623,6.329528652878298
0.3239670195309894,2.1671938020742014,5.8188031277744665
0.09636569684945195,0.7026494898312985,7.4614387622234295
0.20639568218990645,1.3625152921655812,7.489266257907587
0.38420390002331173,2.382641863993345,4.856380417164452
0.5200944875237168,2.668429786165333,5.902163689833858
0.24777834946896182,1.5320019546739168,6.578240909299199
0.25799396827534427,1.8246701860265928,8.848431387128722
0.40377185737844945,2.2887803629685903,5.013065930360608
0.2844358354229135,1.7621606941688504,8.34622138094057
0.2544956137271346,1.5900275180919472,15.298228795536902
0.5478980012885641,3.1881074192955103,4.295032474402237
0.3759421304546908,2.2919848949028987,5.286304274518315
0.4539749690712085,2.7929992527668626,4.064094560247558
0.5947947197160341,3.140534444000615,6.798205294530295
0.10554885629465938,0.7635474811055624,11.05167262730846
0.4516003116163969,2.306536640192659,5.670984521902975
0.5327200385705011,2.990522980798125,6.460259100973924
0.2572804392117891,1.7183357187222008,6.743574199269135
0.32658899220568594,1.7325808812270385,7.910348974926087
0.09511246893679814,0.7055246810442336,11.282294640166704
0.6472407617926494,3.559738794446557,5.799067829303606
0.351158312918217,2.079056996848551,4.653092816234957
0.34975089846832286,2.230882980273694,4.844077682370297
0.2913893857392291,1.780963498254515,5.592381083652673
0.5945830610758371,3.428592951704158,5.015221350350512
0.32351729165252996,2.0798695907695004,7.884981631986598
0.047401389689680995,0.40003189701445635,8.478639936113638
0.5578089958653762,3.229955142591184,5.409204411344896
0.3001774957952428,1.8682874229957738,9.797667921072087
0.33997813558086976,1.9852499818000506,12.074341158259687
0.3616166011462765,2.2224218241036904,7.462663873441755
0.2772412452532651,1.7836388468778464,6.9283618206917295
0.48023871280688235,2.5132683539506044,6.901160102539385
0.4926564402661253,2.6306741587511016,5.120805521140629
0.3833528592963449,2.394092276070994,4.950556715029375
0.014369773142572484,0.17152902408915677,7.819637734588645
0.18791561749620933,1.1425622308683758,8.274414480605888
0.2548508331103556,1.630917694491734,10.539558434475678
0.18282750812663084,1.3120373055312815,7.368082136208826
0.28586382641324315,1.6920778371009624,8.373406424593115
0.1618930557099214,1.0893801368766185,8.389608793992007
0.613272308903738,2.927529899441706,7.977746173720364
0.5357336359509297,3.142478081694275,5.476868371957007
0.2711191391869332,1.7329337700910532,8.115264690068262
0.33519325025489843,1.9881926092597366,6.778181846666054
0.17601833636169917,1.075628140369608,8.759140918989292
0.3654552731720242,2.0853812491733446,4.919136475892221
0.06329621898107085,0.526001708109803,12.474013614447045
0.33830037316911254,2.150537138368776,5.755005376815004
0.5420881720224595,2.9653338003694363,5.52625662443445
0.36491608369475825,2.397534249388626,6.447797453665542
0.40747832969083064,2.338726453176236,9.872256447577948
0.5355775574547783,3.0314144854871845,6.967846620824073
0.23606418181685496,1.7648106988338925,6.833996939003429
0.4841424976028872,2.8327849144170547,5.452782789100051
0.29253374780364383,1.8095604657343893,7.851119532615796
0.41917349921525116,2.4500718619544863,4.959561481752003
0.2819924847328772,1.9122421086636043,8.87136294249809
0.6348332430125434,3.161920992669322,7.810439427145031
0.45705835389566296,2.5960655476330343,5.251229333630647
0.48065703264582105,2.5580624473679423,7.683770151563783
0.27597092028402104,1.7645800271212009,5.599991819885779
0.5114162208482187,3.3474239443076415,7.829595378417779
0.33986829160366794,2.187663911378963,4.655217215503279
0.495591587590416,2.7733097978919807,5.399805471572731
0.26895944616430256,1.5354623166753891,7.333306139061844
0.5106987554437397,3.1595227486524102,5.122252299454757
0.3077829577587494,2.1235257091268336,6.4943692506463755
0.45527712799414677,2.8005007995323195,6.250445533491092
0.16120404266189325,0.9947592167701321,12.255273403783908
0.5868719256011363,3.3661406513402987,4.736254444799542
0.16709250124515673,1.2450373424400865,10.701312097414933
0.18805831000060258,1.1788379242893836,12.677240421120938
0.5698050938871508,3.1340324578148793,4.2118643041737664
0.11382334949316797,0.8308563554081264,6.633207046743737
0.5326727865981857,3.243796156938493,5.918647162419285
0.27859050025332355,1.8791459803509374,5.809042481041015
0.5902078828979238,3.370568958611066,4.678059009012188
0.6557772788727185,3.6424836236027596,6.070927836101818
0.2469873952342725,1.6722454490642922,5.036344586834287
0.16175771593844712,1.042189317742247,15.51412728821424
0.13181891640812737,0.938695431020761,7.4774086956474335
0.32639711682095274,1.9506340374571285,6.406967337196814
0.18540279552503192,1.2147998901637873,7.047791112734994
0.8465897933236348,4.104249762688988,4.837011235597394
0.16819517146516838,1.204591875365032,9.3862990228085
0.28677865674124314,1.8173927790416333,5.707380209628938
0.14583894913427575,0.9594540048311242,11.11157497754716
0.6501296301107686,3.469684685150707,4.695373115667044
0.2883660611077097,1.7211447957211228,10.532625373413374
0.25189729475611133,1.5083953636381024,8.114566047944408
0.2026233795844803,1.416493982935976,6.642060690225432
0.2794290590471866,1.9955810508804754,4.635620315314029
0.34108109812491816,2.017051591115527,7.600603209972828
0.33488978931354363,2.0387430098437798,9.11247371253195
0.27297939436723984,1.6121741046131346,5.0874258104999
0.6149407692566227,3.110790373852279,4.778090655491742
0.23012318248186836,1.4569122124799576,10.252953379059127
0.46489552717913707,2.599597572254733,7.107278884513865
0.28313668704656414,1.8872847043971825,9.066278366945939
0.39966871110179336,2.06169396282084,8.484198736852292
0.17948157779730556,1.3515359700778666,5.858788512530576
0.17135099897524664,1.0644029018998118,8.252835348709612
0.5274626146015762,2.793973487211819,6.087751912420594
0.31528777656391505,1.90190250645877,10.272147983782782
0.5886764376096283,3.294104451490124,3.909856422266938
0.1729575477289076,1.1387754258566551,10.623995000269684
0.2966166071356886,1.7601519054400292,7.688914881766299
0.32293711211934406,2.0605372497402428,7.6211537775490195
0.6087621269309313,3.4814112678441904,4.76506948330047
0.13198545059875433,0.9504319440970682,10.747063698796367
0.38533374752309,2.5146831382044574,7.526488056972297
0.5489683218755963,2.97093311231742,4.604454826859727
0.23776518306651906,1.7169630191895564,6.323867286590209
0.3259210434405575,1.9997059686549459,10.300896558795445
0.5058186884308045,2.828079715472456,5.551801770658576
0.18724094668050117,1.3430196592935353,5.081912859137385
0.2910133988641508,1.6954755387964802,5.82107580237438
0.27926894108928657,1.8906828101598525,5.8083727671407415
0.7472297745183214,3.897340283199749,5.409668995758003
0.06648732676276636,0.47259815370154434,17.33053654624459
0.271741915361033,1.6509921541290498,8.36400814282342
0.35611986264626716,1.9635884951293425,7.3083500825150445
0.26531748482380424,1.861660674388523,10.234424116932514
0.7457350478332345,3.5355901188961436,5.511107542317268
0.4075545041925859,2.588961646018097,5.835231323734155
0.735825699428567,3.58428831049236,8.274778724014988
0.8389761959333175,4.1700867182515875,4.457471360901898
0.31340828939240883,1.8292269547645097,6.779806043891931
0.5457238611468573,2.895375673840644,4.098531717475073
0.47066855496832094,2.762379224818811,5.554298902901099
0.4574868530946661,2.602044505993619,6.540342516291135
0.18181111787669813,1.0476568020506019,10.472824149740523
0.2464805306032296,1.653634567627482,4.924446983178018
0.4781523256932847,2.528434288242901,8.213270259414056
0.12974728780741263,0.9215363999802318,6.677096019197312
0.45696087699744625,2.7197514455505156,6.492250703555189
0.3960178432203034,2.2606376618373796,7.515193903331081
0.5168973709278839,2.980015031169906,4.310485572556847
0.6338597730796818,3.6020671534254998,3.9098564222669565
0.22332622437637073,1.392085644827337,7.769672296614025
0.4194387504711674,2.1749359434424616,7.377582956515259
0.45067748829682586,2.411045052184161,5.381251312923859
0.3341369432609451,2.043750669354205,9.317551350754245
0.4629124038039307,2.7470354117728832,5.491705311592142
0.6054377896536025,3.557979400576056,4.452054095020435
0.3758636988272861,2.124720784709565,5.6839229761468415
0.31126783406999214,1.9473875472316577,5.082047611713206
0.4293662314870679,2.4981192866781283,7.785975498887003
0.3349353535385198,2.020629754750265,8.800871061475897
0.4321637989555427,2.306806506777198,5.618525679920591
0.7043999455303092,3.976289184228341,2.748586181551912
0.8208664750587855,4.372780630615613,4.125364030810467
0.3666117592952536,2.1077819957911923,7.008485320026557
0.40803980663350425,2.34320179345305,5.430431371716698
0.3877907035041197,2.191728913688106,9.377924818288378
0.4368214323535673,2.478075325202339,6.389986345014982
0.28234735875191164,1.807931707376338,7.44593229886051
0.29476165367027907,1.9125037944466523,6.555216579923264
0.5092732218905331,2.932122789228661,6.365668046382211
0.4635705923809115,2.710254810179747,5.735871915896813
0.4933977257873534,2.8889256525136244,4.925461862094943
0.4425161108757474,2.4988352799182154,8.444181276101357
0.14263374918392735,1.0333266466704552,6.690187286465115
0.3803034256034048,2.3644403315162097,9.159216908438028
0.5419819298824313,2.848806829987033,6.187981401697364
0.3134345265343561,2.0495641753504237,6.889293431542076
0.2709807508897546,1.70064074762402,8.507272901203429
0.3934407329149314,2.0710518217188274,7.081832646580345
0.3558885642253473,2.2566583622573995,6.832948706299957
0.5139805520618528,2.7130513044405133,4.013392780064646
0.46843099742558536,2.481777801933737,7.466016296294151
0.16365624627557196,1.1801358553057435,8.787206969407102
0.35206486038069995,2.01459337054165,9.400562639961285
0.6850460292916933,4.055004599339952,4.433143413831851
0.4844207595201848,2.5539816472511054,5.4057390060902755
0.567966796410162,2.7318319309827612,6.503645151509301
0.6747131342013049,3.470226854487645,6.921493201445214
0.3602572168002076,2.424863249349242,9.579484611679105
0.6040396698824866,2.94036852506509,6.146124861637921
0.11655523945973978,0.7613758788967337,11.359747218281875
0.6386551997789078,3.2566703219897466,6.719085016690504
0.3235836528144962,2.078929369618985,4.909910676319151
0.5844652325743884,3.168062507916856,4.411405035641622
0.4643919129178711,2.5415029902061286,4.232908604680013
0.46105506345065583,2.8246556774800786,6.308863093434742
0.25344660824856513,1.666166111108415,6.639764185946737
0.34530614436564977,2.0645753749707625,10.905667237700698
0.24128118513906371,1.7240382116060562,10.01410676032343
0.08005354248042873,0.5817034028876493,10.949563359664563
0.7461837468514787,3.748158546440454,4.810149139176477
0.22607437117277418,1.3610538285924352,7.460432788918996
0.49913408632900946,3.0435309413998324,5.746347422816436
0.27461340211246865,1.695822665904121,6.4179767666083185
0.25403950150991106,1.6012318463143496,6.996131661899047
0.1504071599174699,1.104649647389441,8.361024470864733
0.220417944170044,1.509687641397139,7.219079759016904
0.07719883661733506,0.5673867952798248,10.487941208299826
0.43822984584557045,2.5065017572544965,5.631343755086792
0.4293025450745167,2.309299827245388,7.2644805806221555
0.07061996539437154,0.570448299433315,8.933169072909715
0.36338133232946435,1.975306192497898,8.962095422655928
0.3820490518537354,2.324731759700921,6.072500660973695
0.22870015163843282,1.2704030963008153,6.7690752301873465
0.2760007970627991,1.791125142486908,5.449097696999523
0.6073406320924584,3.179795313847551,5.299090549813461
0.5801894141000687,3.06748359283515,5.881495700855937
0.571063945765933,2.9791839618671863,6.25450918390514
0.45955459507730145,2.4503849508425115,5.869783497134287
0.3517636914419031,2.1316472994349245,10.02488192852856
0.44069891461007615,2.5775980029889687,7.491205324078769
0.45202481391313376,2.5404084199181973,5.519219138094952
0.47160872728923375,2.8054916851166922,10.131168059367608
0.5719516202096946,2.961069094017126,7.186516933025683
0.3997392774168649,2.497938297496327,7.433451848195133
0.24357209127970791,1.3497134518990608,8.960243825128318
0.11408968865809643,0.7208597071859073,9.21842782156991
0.5658111475657568,3.1303816888556164,4.879890039085155
0.5107817066411404,2.7614590789020643,4.748766382659715
0.8761987883873199,3.9555603752422366,5.045834355309766
0.3024183559515381,1.8472373557254373,7.377008100359942
0.45389884918249446,2.700519625564843,5.3715274287461865
0.29455309382968586,1.8959617458489586,8.203652082424652
0.33595880866715344,2.101601437536672,7.257267661605288
0.3114712099596386,1.9127650540485737,6.845254674318446
0.2849945917306247,1.622561032625596,6.617970662194214
0.34584507654158947,2.098204073332979,5.340930568038342
0.36834764749941407,2.1077050775133053,8.325535748390468
1.0174195409640912,4.49926192083322,5.4200536321855415
0.3421707934510987,2.137322791704659,11.048285993516831
0.2570461985430865,1.6691315737321533,7.954012922979162
0.43828854180056664,2.61188404039697,4.397984235004893
0.46239508872929336,2.7602599328555395,3.9681614636648184
0.37246394597046395,2.180022554685615,5.409676516917713
0.23914991403165287,1.5192386500350235,9.26234578283626
0.4057724516494843,2.311120434710234,4.848881813125748
0.22784209386162058,1.4705799432508952,8.20218206631355
0.22475507186052335,1.5705868375490855,7.917888372479126
-0.02573745173923725,-0.098905645611352,19.286090343126865
0.3384782523451637,1.823733866197513,8.33630133282403
0.373014437194892,2.3916414670783337,3.9098564222669516
0.4450919430858944,2.630440014260785,5.210120666921827
0.14706648862998883,0.9348584980328504,9.48219364173338
0.3431816214392669,2.2589266009592874,7.5300333062933795
0.4182193556346101,2.8942508472300887,6.811140384671262
0.30449022489969035,1.8043871199806096,7.360808494269697
0.2957334418434978,1.762141134238697,7.4747295593446434
0.27729360437469674,1.6819291302438397,6.7284401007143755
0.21956293664948845,1.4199661732269437,13.328785124211556
0.40208550880184646,2.2053582424789813,6.333288987380822
0.7710839735537471,3.872439292745376,5.568474577747593
0.47613780736612177,2.6562594388993297,9.506250646545872
0.41188799487903616,2.4214613093459,4.34389172185109
0.7417797755534952,4.644049524233807,3.9291494365764117
0.5217881341943067,3.0385328773155345,4.355426957966553
0.29934268626801197,1.9632187948790292,4.472574361467361
0.28309390549142344,1.8390334104886648,6.632405068039114
0.16292452566989257,1.205353107726716,8.685017922467422
0.38172414723174275,2.195215276805409,5.7322775339405965
0.5427636122200803,3.1621915307886415,4.407934865193011
0.319936570516403,1.9667211354303642,5.345212127580264
0.24583445340395493,1.5160376536813753,6.62066550063978
0.460303217330744,2.391239697689501,8.999806982290359
0.4925193691319072,2.913834736127685,4.949751607758827
0.4049310222973306,2.3606749164882026,6.367201642726933
0.38357149333706975,2.1379273818304707,6.835078102557535
0.442664864549271,2.777344931015594,9.764731959794664
0.21792125092136305,1.2986931532269035,9.336656159910039
0.3341498191743688,1.9717606940351904,7.35261999201024
0.4750094671667422,3.0884587062748294,4.3261736871688266
0.6920946823152154,3.611065307673555,5.104278557319537
0.43938787011775604,2.262324048989761,7.159076501134304
0.1979342918649445,1.2648155381049013,8.717359081577895
0.8123716732602122,3.986090731583736,5.055543697301971
0.5164781743240432,2.8263852158371265,4.70207885870311
0.23426440868826348,1.6355214286020698,6.011379336300887
0.25528025250824715,1.5889440743617442,8.226819337840553
0.12165641065828847,0.8828559506156289,8.158754468599138
0.43285093029259025,2.189796406225625,7.895528033857774
0.31560373124029595,1.9400984375905488,6.320663963737652
0.31884390434697796,1.8045056918638798,6.883813013183709
0.4459704139990175,2.6321206564903963,6.796074538598146
0.38497456628087057,2.3189258730273496,5.8313459759709545
0.23977559960115102,1.4188215017101546,7.72875630961025
0.22755546991068165,1.6089265564158994,9.344129943340512
0.7366604357809667,3.9093142013187347,4.215379638253443
0.5916345155038176,2.868146664328776,6.740903471049347
0.6291316679262007,3.2672500266932207,6.077687863510223
0.6777413794775693,3.706735801199882,5.379239260217929
0.46842098603345383,2.630653022417604,7.1462956500678425
0.6085308859204295,3.2919248653610476,4.055133517517686
0.476293112453952,2.808504607082092,5.818625123579436
0.47976227479547706,2.84439262364964,5.099492548723846
0.5267671139101722,3.0409661508114922,6.013148041048858
0.44438795950790455,2.72704412729056,8.828886668666744
0.4697278611475524,2.8910930779714707,4.079727998921507
0.20009450283541175,1.4076709824777252,7.324933222621486
0.7427849670438822,4.441170572465113,4.045166113237003
0.349164497693218,2.079905530432948,12.140132476104725
0.1785098659840494,1.2263283318410994,7.44237954156942
0.5146769500291342,2.914133847220218,7.755164016016476
0.2892474379843828,1.8867762857547232,6.3195924158249746
0.40899931132410794,2.345253366544917,6.704224779891713
0.3368718639083075,1.993877200459659,7.936091902529116
0.4739751610397456,2.779718516707885,10.245956919221321
0.357598599536475,2.2429004883348473,4.474907976888323
0.18888069738010915,1.4082025080806015,4.647853079280448
0.3859448155718501,2.4784809036093747,5.382193002213642
0.38910941195524407,2.1724687953719095,5.3313148663713985
0.39931721789101626,2.346710408542348,10.204107620398474
0.20708151578215905,1.4642588775825047,5.816441186821226
0.7715399658502449,3.619958602680283,4.851384072538809
0.5972531572912174,3.059498167419878,5.42309602506166
0.252055132197728,1.564563521140033,8.711158148686705
0.4705963119447665,2.6123064346162956,6.247636111781983
0.21128970079995013,1.3101236153508016,8.955854505913116
0.5317569185412887,2.9798361451279614,5.042741211609564
0.45057427176046727,2.472239938690817,6.017213250181557
0.37541366337997917,2.1570314672997584,6.223753706428941
0.5595116867492691,3.0270387527804403,5.816164292587231
0.3955679389628166,2.424834661444317,5.346689445812312
0.38583638245563745,2.224931498617759,7.956075209222748
0.37058804896090747,2.300799545898569,7.425887356628233
0.22012649958032227,1.3963929281141811,10.023921731103545
0.25923878948522705,1.67788193840236,6.0206584006295705
0.4183552723037456,2.41025265734893,7.330382699933089
0.2576181416685459,1.5244146385383432,8.793574398533039
0.3813384493940195,2.2674815511371964,8.030351198274218
0.2408956182904778,1.474628893387692,10.322043115679918
0.3080588326882989,1.8620950144919188,9.275098227330105
0.34939697361319677,1.9998415681502608,7.405302289234271
0.9551011618281733,4.714579629510916,4.225737988801917
0.05125755619404648,0.384624718819996,11.752128889711374
0.5451509617641168,2.8070933770903626,6.849768761953374
0.19319950389049523,1.2290934983162423,7.824160802917326
0.254127513173275,1.707879916726093,11.254916154737867
0.20032560310658964,1.3232564216240486,8.75240309621061
0.24891802602154178,1.4911718328888108,6.214827645743556
0.461440816826719,2.829788763361405,5.067221964420366
0.1393291905535372,0.939346852795643,10.830603012206556
0.3504430449226601,2.139704229963998,6.762698248860321
0.3664618339715138,2.180323531801253,7.015738490963833
0.12092987290470236,0.8855658469148304,10.452063001120399
0.46420759413018176,2.5811101861495067,6.132311164266923
0.17846728555429414,1.3151995615904246,8.560634701719678
0.8232600515656858,3.956228578458492,5.1498019491905875
0.3607019172550723,2.2720008875690896,5.973310130269033
0.3634443627865618,2.289509235658105,4.8928636074078735
0.7209281393699738,3.510827810498569,4.001481851946487
0.3525557567272284,1.9793677927035376,8.299381910275061
0.3609266723935536,2.1325430207427427,4.7535143053236135
0.26372203392287896,1.4793613440104685,12.484691744115171
0.23941788432498834,1.3558710300369865,8.15449177571358
0.6937627715336632,3.551574954274497,5.05116933851084
0.15052078180719097,1.0058857192612518,9.830881373089264
0.46110186871453207,2.674789543069981,7.059845607576079
0.38313384590354316,2.4423653563766106,7.018954549924553
0.44981356256762073,2.5687805934446657,5.495028128091867
0.3088208843313238,1.8409070526400424,7.775966046033693
0.13031571432602074,0.9369393258248749,9.725781096233247
0.03879071845413695,0.3254705988412416,11.239110074344264
0.5748718311014416,3.445986747760282,5.378391792631782
0.1346321955081642,0.9429694366219301,7.696578687375423
0.5333329127463111,2.9951745765008804,7.324478155893376
0.1863838673113336,1.1970150721806112,5.563426095556289
0.40196147028487594,2.3121227651590828,5.163388032334271
0.4151736376838435,2.5890147272547273,4.500644311791359
0.4806733347501331,2.6672096771824347,7.51934440923047
0.2184554081875869,1.36527502729892,6.508886978109175
0.3495962996053481,1.9675374196540538,8.311282888613981
0.41368712394820895,2.253896648776304,7.219190545516188
0.11651449414325454,0.8737465814561179,13.259596660844933
0.46806421352485605,2.570086934585893,5.453771144763561
0.2775959548141862,1.678063465195347,8.238725410255796
0.15961695178911461,1.1808235002819307,10.401070070782852
0.08319533785717903,0.6107277454402087,10.58145360174582
0.0956946069469069,0.7019633524278907,8.350079753862213
0.3618371259585069,2.0930144946795233,6.20893374796499
0.5144259377032454,2.801015770128216,5.805693459096797
0.33131604755535116,2.07055445350026,9.324458534045748
0.38766294197772244,2.4058904659189473,7.259482062653801
0.3547327059108998,2.169507098394492,5.991326676659002
0.6609182518471681,3.758924933879878,4.297598968252892
0.311396871483145,2.1222151297832683,4.207697370483664
0.526273237211814,2.853312962998971,6.38956366039619
0.07921859650250074,0.5547624984910674,8.062535139508881
0.6953653778516955,3.4157300420364898,4.086704782250757
0.3636597263906862,2.294222577558683,6.054225927280902
0.40351830166860037,2.269614108203775,5.643981787958749
0.6017609202303944,3.508864522956591,8.227278545180056
0.46483006915478975,2.628140772051718,7.1240233549507845
0.29292521210376177,1.714812566961032,8.592578030171733
0.3390734295748583,2.092472378768196,9.156648711398145
0.7259193171216076,3.418057496529273,4.764473182152831
0.19017008522374534,1.356123302234584,5.897295109266628
0.3778549110401712,2.203018959826312,5.757471254945676
0.4228036911647324,2.5115027270898085,6.877004321291882
0.3302791144051578,2.1101235333626844,6.379359654063221
0.4076425562918453,2.255707287023771,6.720144651280736
0.3578321329838958,2.045913383637088,7.3882838015912915
0.2346957396829894,1.4953604718051807,6.837117163405207
0.42595283362597347,2.722368514773446,7.929217709875809
0.3383893256157662,2.0127847512123704,6.936351199000406
0.3814809535911854,2.3052422540824717,5.468552225141765
0.20692222667582616,1.257371686480782,9.962743239546441
0.21959892107737145,1.4600935332905285,7.141543515121695
0.49589766951680625,3.0045092637786404,5.373484736916073
0.8489561872108597,4.382653730791966,6.133855424386654
0.4816870679950276,2.8298062168421834,9.573525922513678
0.7480715340194646,3.622445500365912,5.103225629762215
0.5118883610729466,2.8727845686233,7.9998546100244345
0.16250203726293688,1.016307893373338,6.771659234501251
0.017327847348993064,0.18943270179616653,14.025861879922411
0.21922050641266866,1.3691605332797945,9.320351182888794
0.22144088938340611,1.4382488605193704,7.669486731110184
0.7497229193947819,3.974770030455508,5.30108531226475
0.34621642516987716,2.046772341176817,8.255071979342173
0.5962428771667729,3.3047315174553304,6.23778496179825
0.5683739045066787,3.282970778993217,6.688246585649593
0.6316289060661637,3.174023951265185,6.978622465845237
0.5804291010001215,3.113812109357699,6.855554668960269
0.2682055529252394,1.5552890953441334,7.0334539765536706
0.6358981668921451,3.29690228429494,4.4560098466661495
0.7026345522161921,3.7662221206732696,6.092213365724721
0.6329489289532926,3.311103451262039,4.690337286018816
0.27443747108774885,1.7826806987909651,4.4696004580685145
0.5199251386781871,2.8751134308861177,4.125476935343287
0.41976491777739366,2.403470420194653,7.024809770777911
0.0651090993397343,0.48833475154488726,12.976254594880457
0.33461644626885145,2.090557500252731,6.122674375928465
0.46211875674124014,2.6969535768196713,5.647292877232183
0.5415814216766397,3.2046684211146483,3.6487245784877396
0.26134177193433383,1.67039552092432,8.85917248272379
0.767022209644072,3.7357732711333367,7.133228392051515
0.43237739849360546,2.529016676884996,4.045166113236986
0.22397113978687466,1.4527023179524148,8.282872045588732
0.23798996962845154,1.3852841472497783,6.639617508590604
0.38640959104148975,2.3925584469267447,4.164716901217769
0.39617008410092724,2.432406779154013,7.319706921495071
0.2467198607319805,1.6615883934875821,6.9727312328273285
0.1357772251351841,0.9858133694302702,5.350043187944021
0.23004667565054926,1.6003356822119745,6.961644125172642
0.3344413311608063,2.137438086248012,7.295624602622457
0.1546429009223098,1.15352132636432,6.959015677595481
0.05384015822817667,0.4351674243760787,7.239595028390043
0.4221904242669927,2.5318134163623025,5.945351728992271
0.4032338766566339,2.6155956151708435,4.841761196616278
0.637307873404841,3.33570643415299,4.924591388017718
0.46287746260152973,2.7859909323178416,5.159956617385253
0.6151041276654186,3.4277811904840227,5.814177627965587
0.3230896638165801,1.9631064162617695,6.357937994679628
0.3479423652536906,2.1182004951230913,4.546206226291218
0.4515098735612624,2.498064662485325,5.6451792870306186
0.31065157161486856,1.8400946568803602,8.723700557626362
0.05962638105041207,0.43970627070288926,13.528534877217325
0.156116182422245,1.0213150838644727,8.875222393413807
0.37811269360650623,2.315534505863542,6.881214720458309
0.237552598705137,1.5046469612996298,11.576652697363004
0.5189692779434734,3.1175104083250105,5.861187505513824
0.22447228977006373,1.4380772471388656,12.908869225854602
0.41668818133805297,2.2393319290484257,10.891508723128448
0.2266074904083808,1.369520893207107,5.971275224053225
0.41708675644457593,2.5180069207452314,5.8673050838606695
0.34168775412958485,1.9541842437779984,9.331933888079517
0.267951177338545,1.9190664336175438,7.910651303226358
0.2781767189554072,1.8143034646152296,5.364980059316854
0.37221657383001894,1.9772581110343554,8.03177752153021
0.24774015088141366,1.6495923858885193,9.420156324668435
0.5184594858032632,3.1489532455087734,3.9098564222669356
0.245719936300822,1.6032040527658398,6.724867259834243
0.5810630769002509,3.1539986478945945,5.241579533440485
0.46561632359299265,2.701468292284209,6.4879667716454135
0.180090586069225,1.358861580051895,6.902118605720823
0.5026055301382506,3.1900305213735587,4.777250054911352
0.20505383497720286,1.318660338070935,5.19838896152057
0.4065565604746182,2.5509325286295494,6.2868912676459745
0.6241036583179385,3.659254375147329,2.8418726996434795
0.6865170502392943,3.448411037265774,4.630377242606184
0.36468349780206344,2.5021056115423015,4.618043499986855
0.000365675123837228,0.08614698291572379,10.830290851510478
0.09628386765500596,0.64183059267766,12.505509710725962
0.5785245199613911,3.164623506750245,4.85916971057871
0.29671824896367216,1.9167892173035461,8.996001108282115
0.7207731738179579,3.6155047250821215,5.741043628883493
0.28347768899261827,1.805643713024362,9.082308424226044
0.30922726284360724,2.140430577472806,5.482539275474825
0.3188873422630836,1.9467780960394203,6.33139338310482
0.24356391037295366,1.5961946949167602,8.813707723990094
0.3590565956161982,1.9705629640825715,5.850461031035187
0.9122279989692776,4.452499528315931,4.2852506964637715
0.19434718947973595,1.330765502623429,9.851118187374388
0.48305452447224395,2.7570903506495443,7.111908245452228
0.9423669705202742,4.791950601528063,3.90985642226695
0.2631013932126829,1.7685440454768793,5.118850110307058
0.49099366495184404,2.53030141425943,7.25116744986561
0.7342926583292417,3.856515997114287,5.855865191209235
0.3946171135224834,2.479514364610009,5.644162425602049
0.18780974423568364,1.210138073432313,9.30929629888531
0.6379837606459875,3.204483738521821,4.94827855101448
0.39974644293914663,2.5334338954379385,5.523910260175443
0.4832813408783809,2.5718241409678,4.659070165692391
0.6106224957810036,3.22785148465345,7.131197812991126
0.36681635183292927,2.3421076354246324,5.874891712389966
0.5435369588441856,2.9377674638638953,5.870507362179881
0.1605714866223782,1.2338967016886473,9.334688523737746
0.46739821061398823,2.5022706263768493,6.226842885693048
0.47831276993206284,3.0324953631296796,5.433910687435779
0.4401219765505213,2.572413942212675,5.288277640370356
0.4336043326406718,2.251286219839281,8.997570964417257
0.48701847262452924,3.0292138917373657,6.592257933202887
0.11628815061087638,0.7824325541489321,7.6679713601331665
0.45743747741572927,2.5688722984608785,4.584012462641928
0.21772206685157625,1.324275489996159,10.216984668424764
0.1424271753358577,1.0560198016190858,5.528022201513274
0.36135612474797174,2.1238766005454295,6.092163268230926
0.31629468161216767,1.9850654448249911,5.870318417027798
0.17170838465293192,1.1946704642424995,8.371060065018211
0.30350957267039735,1.8036476122437226,6.673793528777608
0.31490285603615153,1.775345559029633,6.55387490646642
0.24558673438566325,1.5264828450698593,8.659375525043131
0.2662164363389026,1.9581942971610893,8.851401130593299
0.749142567779564,3.930102992883032,4.842980702220556
0.10109552602864236,0.6953841407627195,10.304680163018013
0.15930199965566927,1.0175027089933044,10.913352930043734
0.44618202121171135,2.7453096565535144,8.114988460091146
0.4766185191009187,2.739837152563798,6.035734110575237
0.5301213912746503,2.9122219485157697,5.438087220902205
0.4962705377027914,2.6377105290609313,7.266860838101303
0.4269954427928617,2.6505427117763825,5.216620363729109
0.3372063022575491,2.076801794338444,5.746520851319644
0.28364625940625077,1.732687681153926,6.651710446063287
0.177750270068874,1.2767314717045577,7.848309183171004
0.718100741909868,3.6586383564597194,4.086704782250783
0.2559342711907875,1.7714919934996323,7.164845437510792
0.5800253842322891,3.4449606766247323,4.318112019305398
0.4430739400567347,2.6030736323775647,5.013622577784227
0.4752227379470175,2.6657883426394013,7.757158543717778
0.36074565844894413,2.1373549753941763,6.846833368179067
0.26775747513912695,1.7555305692038703,12.330271805674265
0.17947427127994398,1.1209880089502886,8.912988822115206
0.4009772735687773,2.246083633629587,5.490241169249703
1.0036934959270556,4.035953793803693,6.481012286836927
0.19946424214435265,1.4476351492645583,5.701625885254576
0.45856636521742256,2.5853414237693153,4.819075737442789
0.28411435445465627,1.6712560024598455,9.081970533906544
0.37073550115081355,2.340748470894206,8.320757256160736
0.10230691220539101,0.7438652887496234,7.268708557273495
0.4686515304791248,2.6522762854119066,7.963639483752881
0.35638279445608845,2.101701228912098,8.189669286474812
0.3840885292138887,2.321292950057096,7.637894165431513
0.25071473713762016,1.6582440413519477,5.402388656325169
0.09386603662712467,0.6408827370021233,8.364560056470427
0.4254770920885069,2.6949300301292296,4.894080494132023
0.3212908884343044,2.0456693276612468,6.943783867921002
0.36684239459809365,2.27798141040812,4.380736495593352
0.411820330737553,2.3560760412155255,5.980220260659824
0.2246370549855563,1.5035045151685078,7.039152599679273
0.617239611607914,3.471274104175283,5.330725330283847
0.1922447585251581,1.1623073493004787,11.343971737368285
0.1480280417673867,0.9337759865869212,11.120141741522268
0.2035935605436756,1.3191111576612267,9.74076177944172
0.18640171718135834,1.2243863575239198,6.925496301766136
0.2466813821292364,1.4746557474946922,13.060136034214013
0.3419818489127546,2.145950828262062,6.250371367383198
0.7255881255842209,3.7223869050237584,5.127761400456507
0.14925639729372553,0.948187671921152,11.40558335394069
0.22563540420292538,1.387552622205282,6.0396818472072695
0.5214831529697652,2.8348110083410343,5.272192796732622
0.4543457223133778,2.483152047581956,6.350191750045535
0.15612555573533893,1.0629034961619395,8.007879252860935
0.6602537927301209,3.4626006491700387,3.808360397904867
0.3681598619724862,1.999016907562212,7.497581355041391
0.5102528512056965,2.9083010879903033,4.662968463128219
0.41778167592360504,2.564407146756995,6.695473532529063
0.4487719143079141,2.7059341070403597,4.972352265861208
0.307226181188613,1.6602713868436094,6.92806832123606
0.49966175375314714,2.993188428097844,6.25836488398841
0.502516703602554,2.920095211887915,6.94645361008866
0.08639224252294442,0.6402620733882025,8.54416356122066
0.41077153926183985,2.4003057839014232,8.64314189032834
0.25863580517777396,1.6398108355816583,5.482426183724186
0.552433994709945,3.310354140119189,4.359907467226585
0.556426585059768,3.0794294760307537,5.966144024399928
0.6794880141283635,3.639183434688959,4.64699702649486
0.41207767877076296,2.4809407597822184,6.1559378511242855
0.2741079254581862,1.7798216243730416,7.888128128379796
0.47335065108809093,2.6146523730269497,5.376173155349721
0.19883587634096989,1.2390597534045629,12.52990863589836
0.491845676759338,2.9759018183394663,4.804071587243138
0.3906380440821151,2.053532882489924,9.751122370112993
0.36935274883963065,2.262650588543031,5.536916419385482
0.15107988310480946,1.03941502504918,7.932162595368585
0.1711251385544328,1.1688593529292564,6.519597778565068
0.472949657985287,2.4987422815662934,8.112346009434898
0.09159432842632764,0.7006596978808806,8.127405860014932
0.22581811204074898,1.5749478365608593,6.9837177759141875
0.5024855049881076,2.665852498556604,4.72285144850403
0.2729598860713094,1.662629891993888,8.465937669654327
0.42237377786613406,2.622153660521554,4.898579441372533
0.42373195131598806,2.681613945437331,5.318619122210643
0.30455503294341546,1.9554191088436805,7.840882019991986
0.5223630870540421,3.223762473701939,4.708168392041503
0.3330470169984978,2.134973394371669,7.299807892761828
0.24833751841645735,1.5219427146303084,9.524290239732911
0.3599659139823397,2.2069880258745633,6.355138323121732
0.6735001422840075,3.392479749950768,4.864807375696438
0.506792542118156,2.8527537878324276,8.827326254402736
0.3764508621127103,2.4196402695455026,5.775469915044241
0.2593347307034366,1.7751687093604276,6.9189087061961905
0.2560923365805179,1.703563755498888,8.77896091427953
0.2663379593875457,1.7416059630554275,5.967835629409623
0.28500963103154486,1.8610453292347373,5.913300868320167
0.5172179732269315,2.820869205548378,4.525781774988365
0.4221439938227092,2.460048913100363,5.999965079512948
0.5319842074703973,2.9631998864156857,4.175778585861715
0.7161923530669039,3.4576215780785713,7.174792680002685
0.3875669235438508,2.40435696862668,5.0255645213146165
0.651374855529882,3.644598242855068,4.297065825980878
0.3479382325812206,2.135753458860368,7.893028343955074
0.17177161783078,1.2129202119120814,6.56752321194342
0.054875069890161,0.4820596965409617,7.901340790151673
0.3927806480764726,2.253074247292416,6.81483097958525
0.08513114391658472,0.6052806054821989,10.200204821918422
0.22499351377305543,1.4109367325066295,6.886824561607913
0.2711939027257133,1.6647839807198128,9.300618867702234
0.2325071920650572,1.653862567719765,6.709495438750482
0.4725057506680781,2.7212462306127434,5.801248805511115
0.3823521588926888,2.316203139531757,5.243057902093322
0.23246765545030512,1.4884738785034943,10.930622237159081
0.7198011762570862,3.8319402113275647,5.339782811832201
0.11547365666912879,0.8434408249500552,6.106962840003414
0.18682601292640122,1.3249661307935512,9.688596307914898
0.226923226583718,1.4769390635849655,6.085457503640479
0.40088029918736234,2.2379610693578096,9.767077556525326
0.3679477439449317,2.1982552733935052,7.534098664668513
0.5870159667294814,3.041911031274777,6.0073681629412485
0.1855516703133857,1.217821112961456,10.405169746203018
0.24882453408038252,1.4900800853911116,9.589199564479678
0.34017373512252114,2.031137081378767,9.263287542045706
0.35372955155627417,2.3029544828020394,4.045166113237012
0.2054646102647426,1.2994072689389593,8.08151529670522
0.5359536200369828,2.7666498134797273,3.9098564222669454
0.4189156178454698,2.3380517865556047,7.603724327216253
0.3705837576790054,1.9632171740293733,8.410128760482882
0.43588502593531486,2.849017970640148,3.1000823970852225
0.4275372824878225,2.4936669606647217,7.14022380225219
0.5502026635346329,2.805332786483722,6.969547113855801
0.6768240289112311,3.5910659474903355,4.272929904443435
0.7071753726418599,3.886690982783803,8.19877642953057
0.07901266505539684,0.582606943157235,10.892425870729369
0.4078024839292502,2.4404701298395386,4.4542141910432935
0.4120968863084862,2.369515681944026,5.930741162135469
0.35711651039991055,2.1892841979355375,8.537718478738771
0.7346723751942423,3.877128460714818,6.136311678584967
0.35676884261264497,2.3541126230703937,4.042153756221812
0.1239812649019254,0.7941386240651133,7.806072446734803
0.601309858253058,3.48795503431945,5.613200784681886
0.5106163369961314,2.6432977122513273,5.968182741798471
0.23311213677634046,1.456415569920989,7.857522109086382
0.3268754398457485,2.0706826047974958,6.413196546815645
0.08881325310413724,0.6516182688031386,7.524941454879823
0.5608676380466815,3.14468235363559,5.089293582315266
0.1451169135003334,0.9614082927295615,6.115410527613228
0.44920149654421015,2.6428721903956203,7.461752653370408
0.33214730894798805,2.023127756002847,6.141961934286689
0.29757116792224725,1.9256938804173949,5.744234038334279
0.20030864364729206,1.379821457550135,7.629020157816798
0.5794017956486768,3.2216517369118467,6.767322880654951
0.5218503843274942,2.9365950076335174,5.156879291174832
0.39111244687271807,2.254878103064373,7.5578889456420075
0.06566655441817248,0.4775437836092156,8.772300365898227
0.17111078609690367,1.1799823095521045,11.440482741968093
0.37294367853611043,2.292242947678637,7.527797509238184
0.4499627115187672,2.6447631455156215,10.999838385436862
0.6714678580996847,3.794235738922431,5.607801219282856
0.5950824443209293,3.1512291973973787,6.029634155955938
0.5922063406462683,3.08631951355945,5.1888044844536125
0.3042273371564177,1.912560446315543,9.503145767231901
0.3370792645288272,2.089401048692059,7.6823778602468
0.7048460752222447,3.420778755861206,7.532305322166387
0.2585879727639684,1.4843905565784479,8.226361987158903
0.6361261205984008,3.2498301166099504,7.717293795212936
0.1479919224909403,1.058263476026634,6.5777480159109185
0.3344825446731776,2.0979911838232077,6.647419582406758
0.4346034104059957,2.2539356913027855,6.1957332279131805
0.07914743735303653,0.5889505085807782,11.880299824922755
0.3925915046298041,2.2274816995084,5.078019778274482
0.5509665020373251,3.15202686061563,7.388435766146588
0.40971326527178387,2.42233320512679,7.593748144283219
0.3113779653255897,1.893268687519874,5.47936687710653
0.5066928605885392,3.1272715557822974,3.4297323900325543
0.3556406455348633,1.9829257858053844,6.585093320269619
0.4997390572138318,2.805536932384638,4.627887097705232
0.2120103670550053,1.2874389526611871,8.203247523785745
0.7242739752564968,4.257971713149229,4.127492063176878
0.4325522797168222,2.6875643405695935,8.25493315039285
0.3448846235382983,2.0768225319429976,6.159673726818923
0.44485962721579475,2.8128833237292605,8.679737368521796
0.31572738931186284,1.8922520068941042,5.9121307335659505
0.17525112612284865,1.1610727481784677,6.93954907332547
0.33757368867286996,2.0000497282589347,7.153706427673463
0.45287704117570304,2.5804522790509696,5.322313219981006
0.6051407921762519,3.0568022178878036,5.224939379641076
0.3446312565624663,2.2302554979501465,4.216802439848504
0.31239448759027266,1.7786858511936885,6.247712886340808
0.5334502988230772,2.765608503654996,7.045489411309136
0.35589612247549196,2.0490736292298695,6.202661063908778
0.4052278360809305,2.587130073689448,5.711595359096778
0.521680462419116,3.1518471416731106,4.033783210847461
0.41373968705834785,2.519629949671616,5.716960922552823
0.26770028911642596,1.8060453266365135,6.702915353676062
0.6637188282917408,3.7272814198761837,5.86250992516008
0.0866808776269079,0.6267930105571448,9.129423311919398
0.3347707149484309,1.9658707340028296,8.634310408525286
0.6262267789402023,3.5729543622170343,5.377398758948925
0.3639823176255952,2.17438990765989,8.322898985270468
0.18484409094064413,1.1619076122463885,7.587506073455802
0.2006678145960783,1.3153447205047264,8.457852934599952
0.44753147413718386,2.753954536568065,4.98515790496518
0.41277462884375105,2.2704218175399675,8.860754398635459
0.3407567793764714,2.2250383285928135,5.474820735456744
0.2309425537664218,1.5181705503742389,5.817314800091382
0.5099926973582449,2.9351629454115593,4.887919741765352
0.29172109101984645,1.9085105470230677,5.621849712608023
0.6832723771818365,3.452833703906599,10.562772682298306
0.26384058806083277,1.7468412096595638,13.265129951083996
0.6430762985396157,2.983379836311619,6.484138433520041
0.1722127226070984,1.1284178920907475,7.481598978204704
0.2638683965049815,1.5156285725490393,8.12478162090692
0.5329778436203356,2.8428195800671325,12.102045630618061
0.2906910133909051,1.7306317909659852,8.04698784467824
0.383119827368674,2.172014907397424,6.753853120966366
0.2946621637617648,1.7123951171371958,10.549896218950298
0.19442087327112545,1.2504580798963258,9.18426421102121
0.3483799203197464,2.164550958721547,9.39981529535917
0.36848153987695387,2.4609840491863193,4.877226747247594
0.5173712414482312,3.021043425727338,8.24780986130786
0.1807470119431549,1.3386428872010028,7.635464752234079
0.4358722839556366,2.8238345640212867,4.462948192331654
0.5778955359331646,3.132850457010912,5.361433826319707
0.8055902833067123,4.152671403473561,3.6236783231382046
0.24124798154062477,1.5653244129836072,9.59659901220009
0.5168014598780701,3.114988592935872,3.74655066769187
0.021012901210882395,0.2280293349111318,12.762012677051787
0.2525306571579402,1.535464734465322,7.588428561167723
0.3151423696605311,1.9891794190936984,5.2258647615294525
0.4310707930231228,2.847012030502718,4.944266617501174
0.2801821122356867,1.8464489716568504,4.706538807736287
0.38230957073715643,2.149986950739319,7.796862348434195
0.1852918275475517,1.1429056466748102,9.976718729536502
0.2812822676733673,1.9286141188017731,4.116685120481452
0.4854563720993972,2.677864818614271,5.439409307365349
0.1664949358270944,1.0148545448368829,8.79762160104526
0.28280639181625533,1.829294000219836,6.548822742638194
0.36686380561225396,2.1012085519270163,10.385524345289939
0.36566565586734034,1.9711398230598005,8.219591196160598
0.3484238950513505,2.053000671644477,7.578047970508608
0.09747909037559133,0.6597824461664483,12.643513063539983
0.3207246201045839,1.7898537443972107,10.326330342898283
0.534336659889104,3.0426509716429124,6.8561890118022
0.6034967553920436,3.0479905009873534,5.096064470680113
0.4322258471858582,2.4395838979462643,6.547467399448763
0.27755167049856233,1.6808073969299384,7.957869939781453
0.23332169012651294,1.4972638572250139,7.704504891850361
0.3932543686285688,2.3316343667035015,5.738424043829059
0.29192703963677014,1.9160908463967192,6.389821597276285
0.34882845586095024,2.1776259475976416,4.272023898013163
0.393642661651461,2.3566618124608927,9.157318134560041
0.5028021280586121,2.624887167417641,5.83614738175949
0.31265479196634005,2.160819568318101,4.351866131760848
0.6443450968805917,3.3697174193979467,7.949213788523059
0.3030178248987514,1.7493620650673347,5.686489961847349
0.10070240620811655,0.6929233750183084,12.89954223056414
0.3592493328762758,2.391059945112167,5.798368206276792
0.21838041762038407,1.495107285683003,6.114636819794169
0.13268270377834313,0.9326237527178162,7.039115928109934
0.1670970147804829,1.2353916410463026,6.087251789416098
0.5435788682366676,3.5519566127116886,3.165534790371787
0.5834484844593164,3.0011757629876072,4.51397275509728
0.8614527461220021,4.269690697834887,4.5108457028945965
-0.10510020259257069,-0.6932013161044979,19.328009191573635
0.30862955162447925,1.8984246989307971,14.792490745383247
0.4437078477533343,2.8189104826614297,5.8475418146280616
0.44172996496622674,2.6463050908388377,7.298000836224178
0.5998890590144221,3.3903685916936346,5.040180748520931
0.44120084942737825,2.4102063236677833,5.407053965631247
0.33383736718187307,2.2523059087511452,4.522086750471223
0.4974238641420683,2.730868577415668,5.352301885701312
0.4842243223519558,2.5818567960282635,6.508642600033661
0.6704371863863254,3.487442308235016,5.519442546489248
0.2917670004800783,1.9678390611090881,8.465575456497293
0.5022848858066777,2.6424527445961745,6.449737305417366
0.34330246877848936,2.1043448163360714,9.930664545985818
0.42111449992679484,2.736877154374855,5.263119017192094
0.4509892388158032,2.3924097385049423,7.367350949511298
0.7171015935796001,4.047543454666019,4.324691652401408
0.7708705530668474,4.097626571530279,7.831430190058889
0.40077488042803444,2.3452956686948094,5.266401711158434
0.4400693496922683,2.634260428654922,7.700600461778427
0.3939573269447163,2.246424741129584,6.748225104637655
0.1482862073707858,1.0750503398515456,7.151151960158114
0.24666355613520996,1.714105821993775,5.082927008138945
0.4443805454251031,2.8883533140577478,4.604945552610584
0.2952355897713428,1.4828942665428593,8.629409013001625
0.4797769585634264,2.5913644448172057,5.31307550956726
0.5006142988793933,2.9148821083191323,5.042447597456623
0.4095309281364885,2.368409618210367,6.933296616624653
0.1814034749575908,1.1757828341908014,8.727313578949952
0.3250706142805746,1.915423695937207,5.377142387864688
0.8000910763560183,3.8080670952390383,5.323213286594243
0.269433320105563,1.6777957265006003,6.4193554332350535
0.4335854995241055,2.530542220464677,8.674017547728358
0.6876150149030598,3.525181396736779,5.230980137268167
0.49179760123558225,3.2605340590142786,4.269836556865965
0.16515680850979697,1.202968237577023,9.2653332143187
0.3984693734833382,2.322586081506661,9.244225842193487
0.1527828732545613,1.0792658059268012,7.348316938880553
0.2883500505639729,1.763841597485941,8.157111098469292
0.4639834281919517,2.8325208104601116,6.665678061013317
0.3017342025495189,1.7310896334662775,5.4177501370017405
0.2691451341911659,1.5685224601035446,8.392480756596326
0.3488534236469385,2.0580986778787866,6.804063917426515
0.2618741263976596,1.5574299954893684,6.250542080462865
0.5173462007047778,2.996064381004468,7.130462688883722
0.4677766083591375,2.782305019291177,3.510727766594822
0.2302147040328315,1.4312251025799614,5.206452859127783
0.661597295286164,3.1032537531912356,6.592316505940624
0.30281941312638616,2.023311587211686,4.45183893688748
0.38734046618457385,2.239682882847801,10.629802038079065
0.5505383594094786,3.066180318247929,4.154356299385843
0.20431019622273894,1.215877735719422,8.036746106236219
0.6486494479742952,3.5284019252521412,3.8426475751118967
0.08488658423141371,0.61156344439809,8.400507226271122
0.38448588385278404,2.2257751639192414,5.502574834617327
0.30182861845927555,1.7945715298051477,9.233927537338896
0.05041042481998104,0.3770040484539881,12.107082957129384
0.6317926515730812,3.414223064898287,4.788246441980458
0.5261240791562842,2.8395511357132777,6.103527925563674
0.37645939142849794,2.3348135935762393,6.869971589244889
0.420333850593112,2.799940746221773,6.017931805222515
0.2695468156897287,1.7084065553775216,9.00314307917439
0.5679563611447129,3.0610400249082885,7.566388715903176
0.2799272476224248,1.8058251466082766,8.038574786937586
0.13284781864654738,0.9259580558751533,18.92389663141393
0.5563839985109837,3.078029336095223,4.509366310520702
0.29295097759145183,2.127495308922327,4.2889301829580475
0.22512394423158733,1.443361833037663,8.40953341871727
0.2106313567021667,1.2259126957051019,9.883004799404489
0.0582187399378824,0.44213326040725026,16.17861493917761
