feature,category,neutralization,horizon,ic_spearman,quintile_spread,quintile_spread_after_cost,hit_ratio,leakage_risk,rolling_ic_last,bootstrap_survival,ic_in_sample,ic_out_of_sample,spread_tail_high_signal_days,spread_tail_low_signal_days,ic_regime_on,ic_regime_off,note
liq_volume_zscore,C_liquidity,raw,1,0.0057310776808219815,0.0012076288535612667,0.00020762885356126666,0.49759269458311867,LOW,0.03337145310829521,0.84,0.0029391362821830067,0.01682287208085709,0.0012076288535612667,0.0012076288535612667,0.004575481391670543,0.008185485183848757,
liq_volume_zscore,C_liquidity,sector,1,0.002876809736592568,0.0002892909446526908,-0.0007107090553473092,0.49267148719953097,LOW,,,,,,,,,
liq_volume_zscore,C_liquidity,beta,1,0.006682379397576008,0.00116218163555066,0.00016218163555066002,0.4994063601658538,LOW,,,,,,,,,
liq_volume_zscore,C_liquidity,momentum,1,0.0034677152408545717,0.0012721594644712812,0.0002721594644712812,0.49921430882284973,LOW,,,,,,,,,
liq_volume_zscore,C_liquidity,raw,5,0.007588191529093173,0.0026008686296205793,0.0016008686296205793,0.493845906500652,LOW,0.06614307978138961,0.9,0.002084742978664641,0.02948890117155193,0.0026008686296205793,0.0026008686296205793,0.005219666133050825,0.012578289906225129,
liq_volume_zscore,C_liquidity,sector,5,0.001245732779484144,0.0007675213547028467,-0.00023247864529715332,0.49227388842244413,LOW,,,,,,,,,
liq_volume_zscore,C_liquidity,beta,5,0.009122716824014589,0.0027690503559654866,0.0017690503559654866,0.49789672844835503,LOW,,,,,,,,,
liq_volume_zscore,C_liquidity,momentum,5,0.013290591446786388,0.004104528565060949,0.003104528565060949,0.49965088674766095,LOW,,,,,,,,,
liq_volume_zscore,C_liquidity,raw,10,0.0068538401385755225,0.003952405086304689,0.002952405086304689,0.4935424686117207,LOW,0.08066582540266751,0.92,-0.0006820234403924999,0.036841380035572406,0.003952405086304689,0.003952405086304689,0.011478545182168995,-0.002790843883961292,
liq_volume_zscore,C_liquidity,sector,10,0.0003041134401391009,0.00033183253544734424,-0.0006681674645526558,0.49046659711479657,LOW,,,,,,,,,
liq_volume_zscore,C_liquidity,beta,10,0.008697442907969224,0.003980370129632531,0.002980370129632531,0.4976134976134976,LOW,,,,,,,,,
liq_volume_zscore,C_liquidity,momentum,10,0.020299629940821528,0.007354644138416057,0.006354644138416057,0.5042154951739038,LOW,,,,,,,,,
liq_volume_zscore,C_liquidity,raw,20,0.0011282700150234144,0.00270313624572735,0.00170313624572735,0.4894389318546622,LOW,0.07400888585099112,0.72,-0.0024566128534309097,0.01539259415593608,0.00270313624572735,0.00270313624572735,0.008935680043365576,-0.014820200042872106,
liq_volume_zscore,C_liquidity,sector,20,0.00017926337411848842,0.00012510174654226623,-0.0008748982534577338,0.49084342623668464,LOW,,,,,,,,,
liq_volume_zscore,C_liquidity,beta,20,0.001478518439272926,0.0025361699075074576,0.0015361699075074576,0.49209894152090683,LOW,,,,,,,,,
liq_volume_zscore,C_liquidity,momentum,20,0.019223773222028527,0.011809801405241651,0.01080980140524165,0.5030733539020832,LOW,,,,,,,,,
liq_dollar_volume_zscore,C_liquidity,raw,1,0.003679808872011262,0.0011533350985445054,0.00015333509854450534,0.49720184056709366,LOW,0.02937282016229385,0.74,0.0007604789771828526,0.015277690903166295,0.0011533350985445054,0.0011533350985445054,0.0024810746831417287,0.006225838324439287,
liq_dollar_volume_zscore,C_liquidity,sector,1,0.0014771696183705177,0.00020377801092243803,-0.000796221989077562,0.49188977916748094,LOW,,,,,,,,,
liq_dollar_volume_zscore,C_liquidity,beta,1,0.004667732989994886,0.0012834266375545227,0.00028342663755452266,0.49902277750379015,LOW,,,,,,,,,
liq_dollar_volume_zscore,C_liquidity,momentum,1,0.00443238044002754,0.0011595252306987331,0.0001595252306987331,0.4990063317465453,LOW,,,,,,,,,
liq_dollar_volume_zscore,C_liquidity,raw,5,0.0037810955102503493,0.002445665525419236,0.001445665525419236,0.49520355847728614,LOW,0.06254908119044675,0.76,-0.002462277097329273,0.028626297462330898,0.002445665525419236,0.002445665525419236,0.003614459689490733,0.004132170124072961,
liq_dollar_volume_zscore,C_liquidity,sector,5,-0.0009186854000531663,0.0005785184822027743,-0.0004214815177972257,0.49230961610603974,LOW,,,,,,,,,
liq_dollar_volume_zscore,C_liquidity,beta,5,0.005913463956911263,0.002982191816387623,0.0019821918163876228,0.4980987894707838,LOW,,,,,,,,,
liq_dollar_volume_zscore,C_liquidity,momentum,5,0.014808151336210027,0.00420146779467554,0.00320146779467554,0.500768049155146,LOW,,,,,,,,,
liq_dollar_volume_zscore,C_liquidity,raw,10,0.0033954600582388884,0.003924326584070271,0.002924326584070271,0.49388423211137894,LOW,0.08146634067686699,0.76,-0.005443840115006766,0.038569778678671604,0.003924326584070271,0.003924326584070271,0.01093788653107031,-0.012334044722708692,
liq_dollar_volume_zscore,C_liquidity,sector,10,-0.0016813992247728935,4.86078126999594e-05,-0.0009513921873000406,0.4891894808792316,LOW,,,,,,,,,
liq_dollar_volume_zscore,C_liquidity,beta,10,0.005551391178921543,0.004672407435297504,0.0036724074352975037,0.49716949716949715,LOW,,,,,,,,,
liq_dollar_volume_zscore,C_liquidity,momentum,10,0.021986056201341246,0.007586051029341605,0.0065860510293416046,0.5049435194100655,LOW,,,,,,,,,
liq_dollar_volume_zscore,C_liquidity,raw,20,0.0003594498346124601,0.0027494832636445615,0.0017494832636445615,0.4897125346563549,LOW,0.07154117812012548,0.68,-0.003934507819439833,0.017445197423114248,0.0027494832636445615,0.0027494832636445615,0.008727344005917008,-0.016733940823009646,
liq_dollar_volume_zscore,C_liquidity,sector,20,-0.0014139098630523814,0.0002904897381226148,-0.0007095102618773852,0.4904786225010944,LOW,,,,,,,,,
liq_dollar_volume_zscore,C_liquidity,beta,20,0.0014421234378642356,0.0031025289590912355,0.0021025289590912355,0.4926431949553337,LOW,,,,,,,,,
liq_dollar_volume_zscore,C_liquidity,momentum,20,0.023022678591157798,0.012328816395192899,0.011328816395192898,0.5053454832460358,LOW,,,,,,,,,
liq_failed_breakout,C_liquidity,raw,1,-0.002381640603278392,-0.0002442528021496719,-0.001244252802149672,0.03918584744150656,LOW,-0.02577882521310264,0.54,0.0017611411414795307,-0.018890470112464097,-0.0002442528021496719,-0.0002442528021496719,-0.00047952223887871864,-0.006661406923177661,
liq_failed_breakout,C_liquidity,sector,1,0.0009230632583361783,9.250843215892891e-05,-0.0009074915678410711,0.213879329724869,LOW,,,,,,,,,
liq_failed_breakout,C_liquidity,beta,1,-0.008512414728323496,9.378937355326768e-05,-0.0009062106264467323,0.4768724426258673,LOW,,,,,,,,,
liq_failed_breakout,C_liquidity,momentum,1,0.011275075224366467,0.0006170040472650853,-0.00038299595273491474,0.4881453066506447,LOW,,,,,,,,,
liq_failed_breakout,C_liquidity,raw,5,-0.004065729122508614,-0.002263589010515751,-0.003263589010515751,0.03981293137919644,LOW,0.008467831359863643,0.82,-0.006866250246056859,0.007115139302566584,-0.002263589010515751,-0.002263589010515751,0.0031690359142859123,-0.02020209231731994,
liq_failed_breakout,C_liquidity,sector,5,0.010358601881756855,0.0012836244667130646,0.0002836244667130646,0.21100853630974112,LOW,,,,,,,,,
liq_failed_breakout,C_liquidity,beta,5,-0.00608835935618011,0.0004610608571227817,-0.0005389391428772183,0.47883796644127224,LOW,,,,,,,,,
liq_failed_breakout,C_liquidity,momentum,5,0.013364123074978347,0.0028038472295474387,0.0018038472295474387,0.4911325233905879,LOW,,,,,,,,,
liq_failed_breakout,C_liquidity,raw,10,-0.007377581655090888,-0.004790391506665065,-0.005790391506665065,0.04057128854972521,LOW,0.01988022095502482,0.9,-0.0108175660832076,0.006382356057375944,-0.004790391506665065,-0.004790391506665065,0.005748550328408146,-0.036396628344101005,
liq_failed_breakout,C_liquidity,sector,10,0.01058984362175348,0.000299206363173949,-0.000700793636826051,0.20737214268211573,LOW,,,,,,,,,
liq_failed_breakout,C_liquidity,beta,10,-0.00414769877182437,0.0007729655890908764,-0.00022703441090912366,0.4790964929661185,LOW,,,,,,,,,
liq_failed_breakout,C_liquidity,momentum,10,0.021143770992544376,0.006381420193918296,0.005381420193918296,0.49604283600666965,LOW,,,,,,,,,
liq_failed_breakout,C_liquidity,raw,20,-0.004988939635050038,-0.006989443668903934,-0.007989443668903935,0.04149811936697183,LOW,0.015520335338111929,0.86,-0.0057294093861058595,-0.0020498443154746207,-0.006989443668903934,-0.006989443668903934,0.0008190197166579564,-0.01757285156375069,
liq_failed_breakout,C_liquidity,sector,20,0.007088740460707104,0.003597831541417079,0.002597831541417079,0.20355191256830601,LOW,,,,,,,,,
liq_failed_breakout,C_liquidity,beta,20,-0.004380802471607279,-0.000554877547194868,-0.001554877547194868,0.4810674557510001,LOW,,,,,,,,,
liq_failed_breakout,C_liquidity,momentum,20,0.028744098008287925,0.011409267526416102,0.010409267526416102,0.5042931286025208,LOW,,,,,,,,,
liq_gap_extension,C_liquidity,raw,1,0.010036312326822458,0.0005531428196992776,-0.0004468571803007224,0.501985331090805,LOW,-0.05369643904185924,0.86,0.01388401672501119,-0.005328853903277872,0.0005531428196992776,0.0005531428196992776,0.014928029290672148,0.00038875942589668697,
liq_gap_extension,C_liquidity,sector,1,0.008935434481609088,0.0006807686116602902,-0.0003192313883397098,0.5000780261127391,LOW,,,,,,,,,
liq_gap_extension,C_liquidity,beta,1,0.005644331244667961,0.0002430807706725359,-0.0007569192293274641,0.5016300571856127,LOW,,,,,,,,,
liq_gap_extension,C_liquidity,momentum,1,0.0182108147485947,0.0009263408739709047,-7.365912602909537e-05,0.5064472893654388,LOW,,,,,,,,,
liq_gap_extension,C_liquidity,raw,5,-0.00197376056897567,-0.0003878536415870071,-0.0013878536415870071,0.500339928527848,LOW,0.0031849895956790413,0.54,-0.0056794622519356144,0.012849046162864117,-0.0003878536415870071,-0.0003878536415870071,-0.0026513743359693294,-0.0006481114137063255,
liq_gap_extension,C_liquidity,sector,5,-0.002263866138106898,-0.0007043582285688509,-0.001704358228568851,0.4975333391440774,LOW,,,,,,,,,
liq_gap_extension,C_liquidity,beta,5,-0.001270240679432257,-0.0003353825068778257,-0.0013353825068778257,0.5015673981191222,LOW,,,,,,,,,
liq_gap_extension,C_liquidity,momentum,5,0.009347844697314847,0.001224309398738941,0.00022430939873894096,0.508518363357073,LOW,,,,,,,,,
liq_gap_extension,C_liquidity,raw,10,-0.0005619543400867617,0.0006118748171963471,-0.00038812518280365287,0.5014040014040014,LOW,0.017124587901354297,0.42,-0.004793173846037926,0.016362923683717896,0.0006118748171963471,0.0006118748171963471,0.002627069932632766,-0.006737525153924572,
liq_gap_extension,C_liquidity,sector,10,0.0021628784205753107,0.0003434688014107533,-0.0006565311985892467,0.49896454896454895,LOW,,,,,,,,,
liq_gap_extension,C_liquidity,beta,10,0.0006955398402766821,0.0006638908310686361,-0.0003361091689313639,0.5011544011544011,LOW,,,,,,,,,
liq_gap_extension,C_liquidity,momentum,10,0.009317369600990045,0.0034517150468551788,0.0024517150468551787,0.507385923299124,LOW,,,,,,,,,
liq_gap_extension,C_liquidity,raw,20,-0.004936933932720256,0.0009900498527924267,-9.950147207573277e-06,0.5030599537448852,LOW,0.016733094889515583,0.82,-0.01468890367146605,0.03407094502226293,0.0009900498527924267,0.0009900498527924267,0.003680288987917954,-0.021282301218692727,
liq_gap_extension,C_liquidity,sector,20,-0.0037565368057176918,-0.0009850313578275254,-0.0019850313578275254,0.49943070628002134,LOW,,,,,,,,,
liq_gap_extension,C_liquidity,beta,20,-0.003413228728276913,0.0007869937326230383,-0.00021300626737696168,0.5028351929760381,LOW,,,,,,,,,
liq_gap_extension,C_liquidity,momentum,20,0.01225758829713468,0.007705139799686012,0.006705139799686012,0.5154385209633828,LOW,,,,,,,,,
liq_extension_5d,C_liquidity,raw,1,-0.0011790410940085707,-3.965178540297782e-05,-0.0010396517854029778,0.49890324153058735,LOW,-0.022677322677322684,0.54,0.0005064776945512919,-0.007876169080553105,-3.965178540297782e-05,-3.965178540297782e-05,-0.012166389791161927,0.020751530401915994,
liq_extension_5d,C_liquidity,sector,1,-0.0043642124515663365,-6.548607920040146e-05,-0.0010654860792004015,0.49912955677030746,LOW,,,,,,,,,
liq_extension_5d,C_liquidity,beta,1,-0.0006428191679784319,3.055826313381723e-05,-0.0009694417368661828,0.49853314729347786,LOW,,,,,,,,,
liq_extension_5d,C_liquidity,momentum,1,0.0032547936737229687,3.86472137647888e-05,-0.0009613527862352112,0.5000924342561354,LOW,,,,,,,,,
liq_extension_5d,C_liquidity,raw,5,-0.010687145973448444,-0.0012695153516867298,-0.00226951535168673,0.49646445199005845,LOW,-0.020007884558991683,0.92,-0.011599898630876722,-0.007054512914019133,-0.0012695153516867298,-0.0012695153516867298,-0.013557228649178289,-0.005004612804232334,
liq_extension_5d,C_liquidity,sector,5,-0.009847936022575336,-0.0008733898876819293,-0.0018733898876819293,0.4955018027794308,LOW,,,,,,,,,
liq_extension_5d,C_liquidity,beta,5,-0.004667245580107765,-0.000458636292349498,-0.001458636292349498,0.49800338165989133,LOW,,,,,,,,,
liq_extension_5d,C_liquidity,momentum,5,-0.006298007049545035,-0.0013443798560416227,-0.0023443798560416227,0.49597356048968955,LOW,,,,,,,,,
liq_extension_5d,C_liquidity,raw,10,-0.0074274079844314795,-0.0006403681101909958,-0.0016403681101909958,0.49970924597790267,LOW,0.057812801233853864,0.84,-0.01710486814588325,0.031086267928373195,-0.0006403681101909958,-0.0006403681101909958,-0.0007573854101032699,-0.020499580740544594,
liq_extension_5d,C_liquidity,sector,10,-0.0017520150348829936,-0.0006377339191257058,-0.0016377339191257058,0.4992510881249009,LOW,,,,,,,,,
liq_extension_5d,C_liquidity,beta,10,-0.004490371259805307,-0.00013628806942114248,-0.0011362880694211425,0.4995743447626293,LOW,,,,,,,,,
liq_extension_5d,C_liquidity,momentum,10,0.0010557159600654423,-0.0003642989651299212,-0.0013642989651299212,0.4994715953124633,LOW,,,,,,,,,
liq_extension_5d,C_liquidity,raw,20,-0.012998729352888476,-0.002147905358949157,-0.003147905358949157,0.5030815127101235,LOW,0.018240969556759027,0.92,-0.016442928391474453,0.0007072955883338046,-0.002147905358949157,-0.002147905358949157,-0.012270596613252421,-0.014396510274760115,
liq_extension_5d,C_liquidity,sector,20,-0.012579146040378214,-0.0027715836629057366,-0.0037715836629057366,0.49681130423908965,LOW,,,,,,,,,
liq_extension_5d,C_liquidity,beta,20,-0.012105961484357972,-0.0017705088818999667,-0.0027705088818999668,0.503131945847646,LOW,,,,,,,,,
liq_extension_5d,C_liquidity,momentum,20,0.0017749527781513806,0.000563806241760223,-0.00043619375823977704,0.5030016024491163,LOW,,,,,,,,,
liq_extension_10d,C_liquidity,raw,1,-0.006142787642978561,-0.00029803415700121983,-0.0012980341570012197,0.49936028883397304,LOW,-0.024474210000525784,0.84,-0.006674622948356349,-0.0040297238793299064,-0.00029803415700121983,-0.00029803415700121983,-0.011826922794123505,0.005435143382099461,
liq_extension_10d,C_liquidity,sector,1,-0.005859541722978158,-0.00011217950504645161,-0.0011121795050464517,0.4982210771684456,LOW,,,,,,,,,
liq_extension_10d,C_liquidity,beta,1,-0.004283002271046324,-4.819513030311054e-05,-0.0010481951303031106,0.5009276437847866,LOW,,,,,,,,,
liq_extension_10d,C_liquidity,momentum,1,0.002620855639753088,0.00011073714325963795,-0.0008892628567403621,0.4990987660026806,LOW,,,,,,,,,
liq_extension_10d,C_liquidity,raw,5,-0.016957604412345784,-0.0017686736945003553,-0.0027686736945003554,0.5006079402280217,LOW,0.0013751354972689775,0.98,-0.023330972846474195,0.008406679423476077,-0.0017686736945003553,-0.0017686736945003553,-0.01176652875475801,-0.027446130228701415,
liq_extension_10d,C_liquidity,sector,5,-0.00916925877887584,-0.000583292904603652,-0.001583292904603652,0.49595587587446477,LOW,,,,,,,,,
liq_extension_10d,C_liquidity,beta,5,-0.013193812269212988,-0.0012351864915322915,-0.0022351864915322915,0.5023999710192179,LOW,,,,,,,,,
liq_extension_10d,C_liquidity,momentum,5,-0.0005075538137186672,-0.00013193567455725957,-0.0011319356745572596,0.4976725783177396,LOW,,,,,,,,,
liq_extension_10d,C_liquidity,raw,10,-0.02006233628321635,-0.002761872740444298,-0.003761872740444298,0.500106450926123,LOW,0.05570525965262807,1.0,-0.030928091251977895,0.023178933490426504,-0.002761872740444298,-0.002761872740444298,-0.003151507681274722,-0.05388399348709961,
liq_extension_10d,C_liquidity,sector,10,-0.00751441540915225,-0.0006426111369704172,-0.0016426111369704172,0.49691292314243135,LOW,,,,,,,,,
liq_extension_10d,C_liquidity,beta,10,-0.01562932927510101,-0.002220557093892765,-0.003220557093892765,0.5009849700860937,LOW,,,,,,,,,
liq_extension_10d,C_liquidity,momentum,10,0.006292365671826984,0.00048410420743850643,-0.0005158957925614936,0.5009746130903454,LOW,,,,,,,,,
liq_extension_10d,C_liquidity,raw,20,-0.013851617110109599,-0.002876241113795811,-0.003876241113795811,0.5036874482857863,LOW,0.0035447009131219656,0.96,-0.01671269531344328,-0.00246649901822316,-0.002876241113795811,-0.002876241113795811,-0.009133126287938003,-0.02309521798305232,
liq_extension_10d,C_liquidity,sector,20,-0.014284192262031594,-0.002258163583673962,-0.003258163583673962,0.4957909126884196,LOW,,,,,,,,,
liq_extension_10d,C_liquidity,beta,20,-0.012232706564690372,-0.0021941839563777987,-0.0031941839563777987,0.5038850038850039,LOW,,,,,,,,,
liq_extension_10d,C_liquidity,momentum,20,0.00856931185515076,0.00250951629394173,0.0015095162939417301,0.5048432230752673,LOW,,,,,,,,,
liq_reversal_after_extreme,C_liquidity,raw,1,0.003893869034518694,-0.00021390761185147958,-0.0012139076118514796,0.49791063409220954,LOW,-0.0033323678986792336,0.74,0.0008107835527968535,0.01620565705819459,-0.00021390761185147958,-0.00021390761185147958,0.004779308141032306,0.002147586352227964,
liq_reversal_after_extreme,C_liquidity,sector,1,0.010229573031783712,0.00018880713724668617,-0.0008111928627533139,0.4978065992752241,LOW,,,,,,,,,
liq_reversal_after_extreme,C_liquidity,beta,1,0.003818315743267698,-0.0003418797825910443,-0.0013418797825910443,0.4987974987974988,LOW,,,,,,,,,
liq_reversal_after_extreme,C_liquidity,momentum,1,0.012339438936121131,0.0004934560359057827,-0.0005065439640942174,0.5007163654850487,LOW,,,,,,,,,
liq_reversal_after_extreme,C_liquidity,raw,5,0.003820771661619189,-0.0011764036774378397,-0.0021764036774378397,0.49474418199250414,LOW,-0.01618362585459141,0.86,0.004185799126306762,0.0023606618028688916,-0.0011764036774378397,-0.0011764036774378397,0.010164665254457826,-0.008590099533894495,
liq_reversal_after_extreme,C_liquidity,sector,5,0.004030158519598749,0.0015279283852124427,0.0005279283852124427,0.5005665475464133,LOW,,,,,,,,,
liq_reversal_after_extreme,C_liquidity,beta,5,0.004590435862931835,-0.0013015704730145903,-0.0023015704730145903,0.49764442454097624,LOW,,,,,,,,,
liq_reversal_after_extreme,C_liquidity,momentum,5,0.015397162993606418,0.0001667281823160196,-0.0008332718176839804,0.49906903132709585,LOW,,,,,,,,,
liq_reversal_after_extreme,C_liquidity,raw,10,0.005073081323858185,-0.0016981954840851136,-0.0026981954840851136,0.4980519480519481,LOW,-0.012291982687296105,0.82,0.0075820553469121196,-0.004962814768357553,-0.0016981954840851136,-0.0016981954840851136,0.009529309422566776,-0.0035564397561806747,
liq_reversal_after_extreme,C_liquidity,sector,10,0.003327896412655996,0.0004946738015339566,-0.0005053261984660435,0.5000526500526501,LOW,,,,,,,,,
liq_reversal_after_extreme,C_liquidity,beta,10,0.004727290253606043,-0.0018860577001325578,-0.002886057700132558,0.5009018759018758,LOW,,,,,,,,,
liq_reversal_after_extreme,C_liquidity,momentum,10,0.018897444042585376,-0.0006344531473055377,-0.0016344531473055377,0.5032761090627275,LOW,,,,,,,,,
liq_reversal_after_extreme,C_liquidity,raw,20,0.0007768573301263576,-0.0013816971570970032,-0.0023816971570970033,0.49813200498132004,LOW,-0.03211008980224604,0.44,0.004725394698290354,-0.015017292142529644,-0.0013816971570970032,-0.0013816971570970032,0.0007167508920112987,0.0008908687484557111,
liq_reversal_after_extreme,C_liquidity,sector,20,-0.00024359401735654095,-5.1061785074447974e-05,-0.001051061785074448,0.4952143746664295,LOW,,,,,,,,,
liq_reversal_after_extreme,C_liquidity,beta,20,0.0018364881967550613,-0.0014206126628108842,-0.0024206126628108842,0.500695079568319,LOW,,,,,,,,,
liq_reversal_after_extreme,C_liquidity,momentum,20,0.01707679739084217,-0.001644020071556701,-0.002644020071556701,0.5043409629044988,LOW,,,,,,,,,
breadth_pct_above_sma50,B_breadth,market_ts,1,-0.0337738300494322,-0.00022314136653628542,-0.0012231413665362853,0.5528571428571428,LOW,,,,,,,,,market-level time-series IC vs EW forward return
breadth_pct_above_sma50,B_breadth,market_ts,5,-0.08968879542789092,-0.001235777779772775,-0.002235777779772775,0.6336206896551724,LOW,,,,,,,,,market-level time-series IC vs EW forward return
breadth_pct_above_sma50,B_breadth,market_ts,10,-0.10582443923977995,-0.0036788762266826546,-0.004678876226682655,0.6859623733719248,LOW,,,,,,,,,market-level time-series IC vs EW forward return
breadth_pct_above_sma50,B_breadth,market_ts,20,-0.10129983125200757,-0.010132918678018927,-0.011132918678018928,0.73568281938326,LOW,,,,,,,,,market-level time-series IC vs EW forward return
breadth_pct_above_sma200,B_breadth,market_ts,1,-0.06232121857689994,-0.001846730480646951,-0.002846730480646951,0.5418181818181819,LOW,,,,,,,,,market-level time-series IC vs EW forward return
breadth_pct_above_sma200,B_breadth,market_ts,5,-0.1754963414661204,-0.00851356107645502,-0.00951356107645502,0.6227106227106227,LOW,,,,,,,,,market-level time-series IC vs EW forward return
breadth_pct_above_sma200,B_breadth,market_ts,10,-0.21875639277916648,-0.01262431581551751,-0.013624315815517509,0.66728280961183,LOW,,,,,,,,,market-level time-series IC vs EW forward return
breadth_pct_above_sma200,B_breadth,market_ts,20,-0.2877129498949351,-0.021512115296128186,-0.022512115296128187,0.71939736346516,LOW,,,,,,,,,market-level time-series IC vs EW forward return
breadth_new_highs_lows,B_breadth,market_ts,1,-0.036562169374116806,-0.0013406208412495419,-0.002340620841249542,0.5246575342465754,LOW,,,,,,,,,market-level time-series IC vs EW forward return
breadth_new_highs_lows,B_breadth,market_ts,5,-0.06664861663112655,-0.0034887090571533493,-0.004488709057153349,0.5344352617079889,LOW,,,,,,,,,market-level time-series IC vs EW forward return
breadth_new_highs_lows,B_breadth,market_ts,10,-0.06660775978945994,-0.006838513299884516,-0.007838513299884515,0.5603328710124826,LOW,,,,,,,,,market-level time-series IC vs EW forward return
breadth_new_highs_lows,B_breadth,market_ts,20,-0.03557510018396204,-0.007983285449578341,-0.00898328544957834,0.559774964838256,LOW,,,,,,,,,market-level time-series IC vs EW forward return
breadth_cross_dispersion,B_breadth,market_ts,1,-0.006983059573851548,-0.00033314286512196704,-0.001333142865121967,0.553475935828877,LOW,,,,,,,,,market-level time-series IC vs EW forward return
breadth_cross_dispersion,B_breadth,market_ts,5,-0.0021607165907567114,0.0004671848411065497,-0.0005328151588934503,0.6370967741935484,LOW,,,,,,,,,market-level time-series IC vs EW forward return
breadth_cross_dispersion,B_breadth,market_ts,10,-0.004970817875534203,0.0019584630948530453,0.0009584630948530452,0.6860622462787551,LOW,,,,,,,,,market-level time-series IC vs EW forward return
breadth_cross_dispersion,B_breadth,market_ts,20,-0.052578412624074734,-0.0030141239559500384,-0.004014123955950038,0.7379972565157751,LOW,,,,,,,,,market-level time-series IC vs EW forward return
breadth_narrow_leadership,B_breadth,market_ts,1,0.03400142339848388,0.0008947405117311562,-0.00010525948826884378,0.517379679144385,LOW,,,,,,,,,market-level time-series IC vs EW forward return
breadth_narrow_leadership,B_breadth,market_ts,5,0.006754650534963404,0.0014496533093502138,0.0004496533093502138,0.5255376344086021,LOW,,,,,,,,,market-level time-series IC vs EW forward return
breadth_narrow_leadership,B_breadth,market_ts,10,-0.019085249148947624,0.0005576275179045506,-0.0004423724820954494,0.510148849797023,LOW,,,,,,,,,market-level time-series IC vs EW forward return
breadth_narrow_leadership,B_breadth,market_ts,20,-0.02168574984404513,0.0007188998681559051,-0.00028110013184409494,0.5116598079561042,LOW,,,,,,,,,market-level time-series IC vs EW forward return
breadth_sector_participation,B_breadth,market_ts,1,-0.0025681759589578175,-0.000889920192704506,-0.001889920192704506,0.5307486631016043,LOW,,,,,,,,,market-level time-series IC vs EW forward return
breadth_sector_participation,B_breadth,market_ts,5,-0.06356258613449171,-0.004359529230371606,-0.005359529230371606,0.6115591397849462,LOW,,,,,,,,,market-level time-series IC vs EW forward return
breadth_sector_participation,B_breadth,market_ts,10,-0.055742343275963085,-0.003849612692279821,-0.004849612692279821,0.6562922868741543,LOW,,,,,,,,,market-level time-series IC vs EW forward return
breadth_sector_participation,B_breadth,market_ts,20,-0.05203217182651585,-0.0037036770351203535,-0.0047036770351203535,0.7050754458161865,LOW,,,,,,,,,market-level time-series IC vs EW forward return
earn_post_gap_continuation,A_post_earnings,raw,1,,0.0034590682505021807,0.0024590682505021806,0.4884233737596472,HIGH_LEAKAGE_RISK,,,,,0.004929178902603424,-0.0035225582483986483,,,
earn_post_gap_continuation,A_post_earnings,sector,1,,0.001684334081688749,0.0006843340816887491,0.21389195148842338,HIGH_LEAKAGE_RISK,,,,,,,,,
earn_post_gap_continuation,A_post_earnings,beta,1,,,,,HIGH_LEAKAGE_RISK,,,,,,,,,
earn_post_gap_continuation,A_post_earnings,momentum,1,,,,,HIGH_LEAKAGE_RISK,,,,,,,,,
earn_post_gap_continuation,A_post_earnings,raw,5,,0.002648078470849387,0.0016480784708493871,0.5060773480662983,HIGH_LEAKAGE_RISK,,,,,0.009550418254361434,-0.012925236210738718,,,
earn_post_gap_continuation,A_post_earnings,sector,5,,-0.001546373458304079,-0.002546373458304079,0.20883977900552486,HIGH_LEAKAGE_RISK,,,,,,,,,
earn_post_gap_continuation,A_post_earnings,beta,5,,,,,HIGH_LEAKAGE_RISK,,,,,,,,,
earn_post_gap_continuation,A_post_earnings,momentum,5,,,,,HIGH_LEAKAGE_RISK,,,,,,,,,
earn_post_gap_continuation,A_post_earnings,raw,10,,0.004019412852259685,0.0030194128522596847,0.5144124168514412,HIGH_LEAKAGE_RISK,,,,,0.009440695743875642,-0.03470015361309693,,,
earn_post_gap_continuation,A_post_earnings,sector,10,,-0.00220357586920299,-0.00320357586920299,0.19955654101995565,HIGH_LEAKAGE_RISK,,,,,,,,,
earn_post_gap_continuation,A_post_earnings,beta,10,,,,,HIGH_LEAKAGE_RISK,,,,,,,,,
earn_post_gap_continuation,A_post_earnings,momentum,10,,,,,HIGH_LEAKAGE_RISK,,,,,,,,,
earn_post_gap_continuation,A_post_earnings,raw,20,,0.0074457652337065715,0.0064457652337065715,0.5040745052386496,HIGH_LEAKAGE_RISK,,,,,0.005173041315331969,-0.003634568162930913,,,
earn_post_gap_continuation,A_post_earnings,sector,20,,-0.004398924345840164,-0.005398924345840164,0.1979045401629802,HIGH_LEAKAGE_RISK,,,,,,,,,
earn_post_gap_continuation,A_post_earnings,beta,20,,,,,HIGH_LEAKAGE_RISK,,,,,,,,,
earn_post_gap_continuation,A_post_earnings,momentum,20,,,,,HIGH_LEAKAGE_RISK,,,,,,,,,
earn_abnormal_volume,A_post_earnings,raw,1,,-0.004814617353289691,-0.005814617353289691,0.4771968854282536,HIGH_LEAKAGE_RISK,,,,,-0.012609875564062505,0.016384092177419023,,,
earn_abnormal_volume,A_post_earnings,sector,1,,-0.004131050522361334,-0.005131050522361334,0.19799777530589543,HIGH_LEAKAGE_RISK,,,,,,,,,
earn_abnormal_volume,A_post_earnings,beta,1,,,,,HIGH_LEAKAGE_RISK,,,,,,,,,
earn_abnormal_volume,A_post_earnings,momentum,1,,,,,HIGH_LEAKAGE_RISK,,,,,,,,,
earn_abnormal_volume,A_post_earnings,raw,5,,-0.0073082400530512055,-0.008308240053051206,0.48940914158305465,HIGH_LEAKAGE_RISK,,,,,-0.014100037924748763,-0.002432079397905341,,,
earn_abnormal_volume,A_post_earnings,sector,5,,-0.002314214833479017,-0.003314214833479017,0.20735785953177258,HIGH_LEAKAGE_RISK,,,,,,,,,
earn_abnormal_volume,A_post_earnings,beta,5,,,,,HIGH_LEAKAGE_RISK,,,,,,,,,
earn_abnormal_volume,A_post_earnings,momentum,5,,,,,HIGH_LEAKAGE_RISK,,,,,,,,,
earn_abnormal_volume,A_post_earnings,raw,10,,-0.0065857451584644365,-0.0075857451584644365,0.5212527964205816,HIGH_LEAKAGE_RISK,,,,,-0.01814473110879908,0.009100600784534129,,,
earn_abnormal_volume,A_post_earnings,sector,10,,0.001971390217331122,0.0009713902173311218,0.20022371364653244,HIGH_LEAKAGE_RISK,,,,,,,,,
earn_abnormal_volume,A_post_earnings,beta,10,,,,,HIGH_LEAKAGE_RISK,,,,,,,,,
earn_abnormal_volume,A_post_earnings,momentum,10,,,,,HIGH_LEAKAGE_RISK,,,,,,,,,
earn_abnormal_volume,A_post_earnings,raw,20,,-0.008200023606223626,-0.009200023606223625,0.544496487119438,HIGH_LEAKAGE_RISK,,,,,-0.015617966313079564,0.022662454919455545,,,
earn_abnormal_volume,A_post_earnings,sector,20,,-0.001245930215626783,-0.002245930215626783,0.20843091334894615,HIGH_LEAKAGE_RISK,,,,,,,,,
earn_abnormal_volume,A_post_earnings,beta,20,,,,,HIGH_LEAKAGE_RISK,,,,,,,,,
earn_abnormal_volume,A_post_earnings,momentum,20,,,,,HIGH_LEAKAGE_RISK,,,,,,,,,
earn_drift_surprise_5d,A_post_earnings,raw,1,,-0.003325946622381572,-0.004325946622381572,0.4662983425414365,HIGH_LEAKAGE_RISK,,,,,-0.0021768177620031274,-0.006898018019747347,,,
earn_drift_surprise_5d,A_post_earnings,sector,1,,-0.0012359618025675504,-0.0022359618025675505,0.20552486187845304,HIGH_LEAKAGE_RISK,,,,,,,,,
earn_drift_surprise_5d,A_post_earnings,beta,1,,,,,HIGH_LEAKAGE_RISK,,,,,,,,,
earn_drift_surprise_5d,A_post_earnings,momentum,1,,,,,HIGH_LEAKAGE_RISK,,,,,,,,,
earn_drift_surprise_5d,A_post_earnings,raw,5,,-0.006674184885155605,-0.007674184885155605,0.48226164079822614,HIGH_LEAKAGE_RISK,,,,,-0.0006046248721056462,-0.02013108089188473,,,
earn_drift_surprise_5d,A_post_earnings,sector,5,,0.0050102410634506505,0.0040102410634506504,0.22505543237250555,HIGH_LEAKAGE_RISK,,,,,,,,,
earn_drift_surprise_5d,A_post_earnings,beta,5,,,,,HIGH_LEAKAGE_RISK,,,,,,,,,
earn_drift_surprise_5d,A_post_earnings,momentum,5,,,,,HIGH_LEAKAGE_RISK,,,,,,,,,
earn_drift_surprise_5d,A_post_earnings,raw,10,,-0.00277500404035318,-0.00377500404035318,0.502283105022831,HIGH_LEAKAGE_RISK,,,,,0.005864131621099149,-0.01415188452001438,,,
earn_drift_surprise_5d,A_post_earnings,sector,10,,0.0033204611435130264,0.0023204611435130263,0.20776255707762556,HIGH_LEAKAGE_RISK,,,,,,,,,
earn_drift_surprise_5d,A_post_earnings,beta,10,,,,,HIGH_LEAKAGE_RISK,,,,,,,,,
earn_drift_surprise_5d,A_post_earnings,momentum,10,,,,,HIGH_LEAKAGE_RISK,,,,,,,,,
earn_drift_surprise_5d,A_post_earnings,raw,20,,-0.011740690789009977,-0.012740690789009978,0.4829210836277974,HIGH_LEAKAGE_RISK,,,,,0.004046636045417398,-0.007064245835240145,,,
earn_drift_surprise_5d,A_post_earnings,sector,20,,-0.0017308589600329473,-0.0027308589600329473,0.21319199057714958,HIGH_LEAKAGE_RISK,,,,,,,,,
earn_drift_surprise_5d,A_post_earnings,beta,20,,,,,HIGH_LEAKAGE_RISK,,,,,,,,,
earn_drift_surprise_5d,A_post_earnings,momentum,20,,,,,HIGH_LEAKAGE_RISK,,,,,,,,,
earn_gap_size,A_post_earnings,raw,1,,0.0034590682505021807,0.0024590682505021806,0.4884233737596472,HIGH_LEAKAGE_RISK,,,,,0.004929178902603424,-0.0035225582483986483,,,
earn_gap_size,A_post_earnings,sector,1,,0.001684334081688749,0.0006843340816887491,0.21389195148842338,HIGH_LEAKAGE_RISK,,,,,,,,,
earn_gap_size,A_post_earnings,beta,1,,,,,HIGH_LEAKAGE_RISK,,,,,,,,,
earn_gap_size,A_post_earnings,momentum,1,,,,,HIGH_LEAKAGE_RISK,,,,,,,,,
earn_gap_size,A_post_earnings,raw,5,,0.002648078470849387,0.0016480784708493871,0.5060773480662983,HIGH_LEAKAGE_RISK,,,,,0.009550418254361434,-0.012925236210738718,,,
earn_gap_size,A_post_earnings,sector,5,,-0.001546373458304079,-0.002546373458304079,0.20883977900552486,HIGH_LEAKAGE_RISK,,,,,,,,,
earn_gap_size,A_post_earnings,beta,5,,,,,HIGH_LEAKAGE_RISK,,,,,,,,,
earn_gap_size,A_post_earnings,momentum,5,,,,,HIGH_LEAKAGE_RISK,,,,,,,,,
earn_gap_size,A_post_earnings,raw,10,,0.004019412852259685,0.0030194128522596847,0.5144124168514412,HIGH_LEAKAGE_RISK,,,,,0.009440695743875642,-0.03470015361309693,,,
earn_gap_size,A_post_earnings,sector,10,,-0.00220357586920299,-0.00320357586920299,0.19955654101995565,HIGH_LEAKAGE_RISK,,,,,,,,,
earn_gap_size,A_post_earnings,beta,10,,,,,HIGH_LEAKAGE_RISK,,,,,,,,,
earn_gap_size,A_post_earnings,momentum,10,,,,,HIGH_LEAKAGE_RISK,,,,,,,,,
earn_gap_size,A_post_earnings,raw,20,,0.0074457652337065715,0.0064457652337065715,0.5040745052386496,HIGH_LEAKAGE_RISK,,,,,0.005173041315331969,-0.003634568162930913,,,
earn_gap_size,A_post_earnings,sector,20,,-0.004398924345840164,-0.005398924345840164,0.1979045401629802,HIGH_LEAKAGE_RISK,,,,,,,,,
earn_gap_size,A_post_earnings,beta,20,,,,,HIGH_LEAKAGE_RISK,,,,,,,,,
earn_gap_size,A_post_earnings,momentum,20,,,,,HIGH_LEAKAGE_RISK,,,,,,,,,
