Date,market_neutral,market_hedged,sector_neutral,sector_hedged,momentum_neutral,full_neutral,full_hedged
2025-05-21 00:00:00-04:00,0.01259394358142615,0.013094646663798152,0.016606307780913748,0.016465137247519426,,,
2025-05-22 00:00:00-04:00,-0.0008073808696383703,-0.00030667778726636835,0.0011432084065461138,0.0010020378731517906,,,
2025-05-23 00:00:00-04:00,0.00480365113357468,0.005304354215946682,0.004904801174005846,0.004763630640611523,,,
2025-05-27 00:00:00-04:00,-0.016657003275399176,-0.016156300193027173,-0.016090547704378667,-0.01623171823777299,,,
2025-05-28 00:00:00-04:00,0.003995106964813125,0.004495810047185128,0.006785484013453237,0.006644313480058914,,,
2025-05-29 00:00:00-04:00,-0.0035682713065090985,-0.0030675682241370966,-0.0036000375692561972,-0.0037412081026505202,,,
2025-05-30 00:00:00-04:00,0.00036852396274280415,0.0008692270451148062,0.004199670430854795,0.004058499897460472,,,
2025-06-02 00:00:00-04:00,-0.004877995951172982,-0.00437729286880098,-0.008353648891755265,-0.00849481942514959,,,
2025-06-03 00:00:00-04:00,-0.0049322315111175125,-0.00443152842874551,-0.010438521965573409,-0.010579692498967732,,,
2025-06-04 00:00:00-04:00,-0.0002921775285997584,0.00020852555377224368,0.005520916210591255,0.005379745677196932,,,
2025-06-05 00:00:00-04:00,0.003254971895215362,0.003755674977587364,0.0025300081035036863,0.0023888375701093625,,,
2025-06-06 00:00:00-04:00,-0.008480744302750743,-0.007980041220378742,-0.011372581695150626,-0.011513752228544949,,,
2025-06-09 00:00:00-04:00,-0.001201004261343916,-0.0007003011789719139,-0.002454952275102737,-0.00259612280849706,,,
2025-06-10 00:00:00-04:00,-0.0049066442035457895,-0.004405941121173787,-0.008508303323038667,-0.008649473856432992,,,
2025-06-11 00:00:00-04:00,0.001715660862783149,0.002216363945155151,-0.0027401101909835246,-0.0028812807243778476,,,
2025-06-12 00:00:00-04:00,-0.00358912953659967,-0.003088426454227668,-0.005313832857648288,-0.005455003391042611,,,
2025-06-13 00:00:00-04:00,0.00818725536759479,0.008687958449966792,0.0029076821873616054,0.0027665116539672806,,,
2025-06-16 00:00:00-04:00,-0.007894206301030103,-0.007393503218658101,-0.007347472595851347,-0.0074886431292456685,,,
2025-06-17 00:00:00-04:00,0.006139747032775594,0.006640450115147596,0.001884963674243794,0.001743793140849471,,,
2025-06-18 00:00:00-04:00,-0.0003836449633737109,0.00011705811899829108,0.0016600789189718378,0.0015189083855775146,,,
2025-06-20 00:00:00-04:00,0.0013243296713832736,0.0018250327537552757,-0.000754491659790434,-0.0008956621931847574,,,
2025-06-23 00:00:00-04:00,-0.022060306731212054,-0.021559603648840055,-0.0127731756252779,-0.012914346158672225,-0.006547269424297328,-0.008161248564931204,-0.007961656083261302
2025-06-24 00:00:00-04:00,-0.006371690033239584,-0.0058709869508675825,-0.0026706265933820784,-0.0028117971267764027,0.00668685477805963,-0.0007308612177638184,-0.0005312687360939199
2025-06-25 00:00:00-04:00,0.0011491614246079017,0.0016498645069799036,0.0001211100925184996,-2.0060440875823825e-05,0.0023255894076646185,0.002838311612232855,0.003037904093902755
2025-06-26 00:00:00-04:00,0.00366870616052565,0.004169409242897652,0.0017698273716422463,0.0016286568382479234,0.00814416851646303,-0.0002724991326512709,-7.29066509813711e-05
2025-06-27 00:00:00-04:00,-0.0031182780005892183,-0.0026175749182172164,0.002403409684994011,0.0022622391515996878,0.002378007118377861,0.0030420676750962956,0.0032416601567661955
2025-06-30 00:00:00-04:00,0.0022230524082621807,0.002723755490634183,0.0033967234203540596,0.0032555528869597362,0.005914161143967802,0.002450021960622423,0.0026496144422923223
2025-07-01 00:00:00-04:00,-0.006848209462807851,-0.006347506380435849,-0.005265622034957734,-0.005406792568352057,-0.003465193736898535,-0.0028597449310988083,-0.002660152449428909
2025-07-02 00:00:00-04:00,0.004739276012048879,0.005239979094420881,-0.001252350384705031,-0.001393520918099354,0.0049520278857162784,-0.0023101878591127688,-0.002110595377442869
2025-07-03 00:00:00-04:00,0.004134890475163655,0.004635593557535658,0.003696211820351577,0.0035550412869572536,0.006487628263891514,-0.001177243883877013,-0.0009776514022071118
2025-07-07 00:00:00-04:00,-0.006190772108286647,-0.005690069025914644,-0.0037458624405470233,-0.003887032973941346,-0.011072631637634736,-0.0006893088452763676,-0.0004897163636064688
2025-07-08 00:00:00-04:00,0.006072136537861291,0.006572839620233292,-0.003625732395045135,-0.0037669029284394563,-0.006294138655438342,-0.011047098420963953,-0.010847505939294053
2025-07-09 00:00:00-04:00,-0.0008846904793272364,-0.000383987396955234,0.0023522188977041884,0.0022110483643098654,0.003976727218485739,0.0021011911472824576,0.0023007836289523575
2025-07-10 00:00:00-04:00,-0.0005133757482265384,-1.2672665854536469e-05,0.0007008107233182675,0.0005596401899239443,0.0002553571331500256,-0.0017350458328996574,-0.0015354533512297577
2025-07-11 00:00:00-04:00,0.0022902314779519625,0.0027909345603239644,0.0014144571909862212,0.0012732866575918978,-0.0019481126656125465,0.0028754397725018668,0.003075032254171767
2025-07-14 00:00:00-04:00,-0.007890480250243869,-0.007389777167871868,-0.0026397225761641135,-0.002780893109558437,-0.003193575637094144,-0.0013056860883758677,-0.00110609360670597
2025-07-15 00:00:00-04:00,0.002771796753561221,0.0032724998359332227,0.002000077552497038,0.001858907019102715,-0.009801073120391461,-0.002127222319356893,-0.0019276298376869937
2025-07-16 00:00:00-04:00,0.0003688186908211875,0.0008695217731931894,0.004217220526896543,0.00407604999350222,-0.0008230805543377358,-0.0009175566049818293,-0.0007179641233119294
2025-07-17 00:00:00-04:00,0.002404306650557189,0.0029050097329291914,0.0010660459291009713,0.0009248753957066481,0.004305666977273212,-0.0026505916545894737,-0.002450999172919574
2025-07-18 00:00:00-04:00,-0.006070269234997052,-0.0055695661526250495,-0.0031932981321959137,-0.003334468665590237,-0.00746054076494227,-0.003924014221238184,-0.0037244217395682837
2025-07-21 00:00:00-04:00,-0.003346436287196929,-0.002845733204824927,0.001019569193138962,0.000878398659744639,-0.005949588019691188,-0.00239669186973493,-0.00219709938806503
2025-07-22 00:00:00-04:00,-0.007926177316941174,-0.007425474234569172,-0.005054768201350805,-0.005195938734745129,-0.004966476659452419,-0.00366200394356319,-0.003462411461893291
2025-07-23 00:00:00-04:00,-0.0019725454797284957,-0.0014718423973564933,-0.0034284525954640585,-0.0035696231288583806,0.0052207306000646575,-0.003565749392922521,-0.0033661569112526215
2025-07-24 00:00:00-04:00,0.002419064359923005,0.0029197674422950072,-0.0005285097849559986,-0.0006696803183503218,0.005033202145841716,0.0032973475827916612,0.003496940064461561
2025-07-25 00:00:00-04:00,-0.003198129525750663,-0.002697426443378661,2.637323527635558e-05,-0.00011479729811796763,-0.001904030450051243,-0.003275777971909981,-0.003076185490240081
2025-07-28 00:00:00-04:00,0.0031046951955076563,0.003605398277879658,-0.0028229589360678087,-0.0029641294694621313,0.002208761216893586,2.209113381282466e-05,0.00022168361548272503
2025-07-29 00:00:00-04:00,-0.0016244070757728633,-0.0011237039934008613,-0.00537369302551697,-0.005514863558911293,-0.0018331778969670706,-0.0010914407475196833,-0.0008918482658497834
2025-07-30 00:00:00-04:00,-0.0009394761042678914,-0.00043877302189588934,0.002388396830994342,0.002247226297600019,-0.00649322047097338,-0.001456628618563112,-0.001257036136893212
2025-07-31 00:00:00-04:00,-0.001403293206089921,-0.0009025901237179191,0.0016224213677455213,0.0014812508343511979,-0.0036067113285864387,0.003617108858912227,0.003816701340582127
2025-08-01 00:00:00-04:00,-0.005223774903218022,-0.00472307182084602,0.00016862007531467937,2.744954192035725e-05,-0.01884520790060864,0.002432890480282033,0.0026324829619519346
2025-08-04 00:00:00-04:00,0.007067993434736984,0.007568696517108986,0.009102118605351766,0.008960948071957442,0.012486553694059783,0.0016269684364363414,0.0018265609181062417
2025-08-05 00:00:00-04:00,-0.0040913505591316755,-0.003590647476759674,-0.0034792939490199707,-0.003620464482414294,-0.0038181559720451307,0.0018797591446118606,0.0020793516262817605
2025-08-06 00:00:00-04:00,0.005470162964683951,0.005970866047055954,0.008838042902038091,0.008696872368643768,0.0019747967298516106,-0.0010683172512566431,-0.0008687247695867428
2025-08-07 00:00:00-04:00,0.0023024262556105143,0.0028031293379825162,0.003422032547959259,0.003280862014564936,-0.00426296505848895,0.0005466421875444222,0.0007462346692143221
2025-08-08 00:00:00-04:00,0.00309565825996667,0.0035963613423386723,0.0023072703723984057,0.002166099839004081,0.006122764698657166,-0.0016053622882445107,-0.0014057698065746095
2025-08-11 00:00:00-04:00,-0.0038286399698757158,-0.003327936887503714,0.000714719577775024,0.000573549044380701,-0.005588778501281598,0.00024543766957257906,0.00044503015124247895
2025-08-12 00:00:00-04:00,0.005251640564943748,0.00575234364731575,0.004381828388904807,0.004240657855510484,0.014428577718354298,0.003996616400332413,0.004196208882002313
2025-08-13 00:00:00-04:00,-0.0027241214958752353,-0.0022234184135032334,-0.0037801275358069373,-0.00392129806920126,0.00643034196822965,0.002233469665025808,0.0024330621466957083
2025-08-14 00:00:00-04:00,-0.0020414163813112546,-0.0015407132989392527,-0.0002865150274394036,-0.00042768556083372676,0.0016145394554565088,0.0025415317945181176,0.002741124276188017
2025-08-15 00:00:00-04:00,-0.005252747896399472,-0.00475204481402747,-0.0028528306964602556,-0.0029940012298545786,-0.0070574471439722695,-0.0005952904937924809,-0.00039569801212258136
2025-08-18 00:00:00-04:00,-0.00041656858100571703,8.413450136628497e-05,0.001028548366666212,0.0008873778332718888,-0.0022185102504183795,-0.00019564334906154726,3.949132608352629e-06
2025-08-19 00:00:00-04:00,-0.005783413340098418,-0.005282710257726415,-0.0015815161150215373,-0.0017226866484158616,-0.008305601926140091,-0.0010467438856522904,-0.0008471514039823918
2025-08-20 00:00:00-04:00,-0.002148293391825886,-0.001647590309453884,-0.0029641578225792684,-0.0031053283559735914,-0.0008305161995004191,-0.00018331056834054987,1.6281913329350452e-05
2025-08-21 00:00:00-04:00,-0.0029532288985331836,-0.0024525258161611817,-0.005232745026406131,-0.005373915559800454,-0.005581269562403667,-0.003089785438834196,-0.0028901929571642964
2025-08-22 00:00:00-04:00,0.0029584731920612815,0.003459176274433283,0.0008841643074866679,0.0007429937740923449,0.02122847701588519,0.0049512574973939495,0.005150849979063852
2025-08-25 00:00:00-04:00,-0.004846902423280891,-0.004346199340908889,-0.006577241645129894,-0.006718412178524217,-0.00636385479966736,-0.002478598106766086,-0.0022790056250961864
2025-08-26 00:00:00-04:00,0.002465688629094148,0.00296639171146615,0.004107412952191979,0.003966242418797656,0.006032584360643608,0.0033025107496866034,0.0035021032313565037
2025-08-27 00:00:00-04:00,0.0024122746191972857,0.0029129777015692877,-0.0011194684862450757,-0.0012606390196393986,0.005030824295945292,0.0007451378028530582,0.0009447302845229579
2025-08-28 00:00:00-04:00,-0.0029554152113755853,-0.0024547121290035834,-0.005649407923617942,-0.005790578457012266,0.002472396058136774,-0.0018391042433925408,-0.0016395117617226409
2025-08-29 00:00:00-04:00,0.00321331193521825,0.0037140150175902524,0.004739457657497807,0.004598287124103484,-0.005476870827660822,-5.449788911097986e-05,0.0001450945925589196
2025-09-02 00:00:00-04:00,0.001535896760538876,0.0020365998429108783,0.0015064853481330737,0.0013653148147387503,-0.008474184308895903,-0.0007596716798662665,-0.0005600791981963671
2025-09-03 00:00:00-04:00,-0.016435452840568056,-0.015934749758196056,-0.008260458058814264,-0.008401628592208589,-0.00300644856170079,0.0008414480110721743,0.0010410404927420711
2025-09-04 00:00:00-04:00,0.0025903442037799205,0.003091047286151923,0.004010670303030849,0.003869499769636525,0.006487922532012699,-0.0003274684617457415,-0.00012787598007584096
2025-09-05 00:00:00-04:00,-0.005439482414416173,-0.004938779332044171,-0.0007797229936406767,-0.0009208935270349997,-0.0012928481298020537,0.009627759415155538,0.009827351896825437
2025-09-08 00:00:00-04:00,-0.002547771701541766,-0.002047068619169764,-0.002742499014830852,-0.002883669548225175,0.001714672671014009,0.00047071415958594136,0.0006703066412558412
2025-09-09 00:00:00-04:00,-0.0028407092080434564,-0.0023400061256714545,-0.0031119941011489476,-0.0032531646345432706,-0.0011048004585177882,-0.003341105450707621,-0.0031415129690377215
2025-09-10 00:00:00-04:00,0.005098882873818521,0.005599585956190523,-0.004855038718207621,-0.004996209251601942,0.008480782262713852,0.00011980955357475918,0.00031940203524465863
2025-09-11 00:00:00-04:00,0.002326815111448848,0.00282751819382085,0.00617551381519524,0.006034343281800917,0.0038333175479274458,-0.002255910092910124,-0.0020563176112402253
2025-09-12 00:00:00-04:00,-0.008332107520021347,-0.007831404437649346,-0.005787587597557839,-0.00592875813095216,-0.0058618182998223635,-0.0018872387053041825,-0.0016876462236342818
2025-09-15 00:00:00-04:00,-0.004214401077557495,-0.0037136979951854924,-0.0029674204649220983,-0.0031085909983164213,0.004546449276089565,0.0029413718462991513,0.003140964327969051
2025-09-16 00:00:00-04:00,0.008101053984167696,0.008601757066539697,0.004329195427870515,0.004188024894476194,0.0014575597589922204,0.0004169366103630471,0.0006165290920329448
2025-09-17 00:00:00-04:00,0.0029038373539029844,0.0034045404362749864,0.0033405284775426575,0.0031993579441483345,0.0021580777138475293,0.0019110980870686743,0.0021106905687385737
2025-09-18 00:00:00-04:00,0.006722370615525609,0.007223073697897611,0.004223752509881399,0.004082581976487075,0.009595932619355287,0.0051101893852418,0.005309781866911698
2025-09-19 00:00:00-04:00,-0.01476743960533507,-0.014266736522963067,-0.01129101986115499,-0.011432190394549315,-0.00620492361355621,-0.006555253679358603,-0.006355661197688703
2025-09-22 00:00:00-04:00,0.004627239250647811,0.005127942333019813,0.002614738075269479,0.0024735675418751557,0.001839545690826977,-0.0018887005859745641,-0.0016891081043046655
2025-09-23 00:00:00-04:00,-0.0017215365609791933,-0.0012208334786071914,-0.005941277944180923,-0.006082448477575246,-0.0011921966634440145,0.0008084306525673159,0.0010080231342372153
2025-09-24 00:00:00-04:00,-0.0042962090135164445,-0.0037955059311444426,-0.0069296220033820514,-0.007070792536776375,-0.0017699235675544944,-0.0004812990021545909,-0.0002817065204846923
2025-09-25 00:00:00-04:00,-0.0008187317629065674,-0.0003180286805345655,-0.004808100239807437,-0.00494927077320176,-0.0013577596053566585,0.00012281723211161194,0.0003224097137815114
2025-09-26 00:00:00-04:00,-0.0017915747859044177,-0.0012908717035324153,-0.0018635863267128707,-0.0020047568601071937,0.003227271755778985,-0.0021640677272540066,-0.001964475245584107
2025-09-29 00:00:00-04:00,0.0023036322748460764,0.0028043353572180783,0.007901740507954374,0.007760569974560051,0.007535263442264408,0.009838997592960506,0.010038590074630406
2025-09-30 00:00:00-04:00,0.0006702724360159226,0.0011709755183879245,0.004605003848911408,0.004463833315517085,0.0033097389172483446,0.005618488025656343,0.005818080507326242
2025-10-01 00:00:00-04:00,0.004145231132157647,0.004645934214529648,0.0030549068464863875,0.002913736313092064,0.00020747199652494143,-0.000277309416072756,-7.771693440285568e-05
2025-10-02 00:00:00-04:00,0.003368381168032082,0.003869084250404084,0.005579455610413356,0.005438285077019032,-0.0001415558910604544,0.0019386833663685805,0.00213827584803848
2025-10-03 00:00:00-04:00,-0.005110453601264463,-0.004609750518892461,-0.00419133331918229,-0.004332503852576613,0.0005673029058599482,0.0002450845191606906,0.0004446770008305909
2025-10-06 00:00:00-04:00,0.005526245390998474,0.0060269484733704755,0.002813846900849049,0.002672676367454725,0.0043057950461713795,0.0004530241227327682,0.0006526166044026707
2025-10-07 00:00:00-04:00,-0.0035889385411215866,-0.0030882354587495847,-0.002970560700967127,-0.00311173123436145,-0.0024014211631593666,0.0011266108633990746,0.0013262033450689749
2025-10-08 00:00:00-04:00,0.00936326561174904,0.009863968694121043,0.0084006703255446,0.008259499792150278,0.0029599103300351273,6.012045620483464e-05,0.00025971293787473496
2025-10-09 00:00:00-04:00,0.0003009723111603809,0.0008016753935323829,0.004034821143644132,0.0038936506102498097,-0.005330154406145537,0.0015159941492230138,0.0017155866308929137
2025-10-10 00:00:00-04:00,-0.017201192842036757,-0.016700489759664754,-0.007352441271405746,-0.007493611804800062,-0.03281166181057867,0.0004276505738591979,0.0006272430555290939
2025-10-13 00:00:00-04:00,0.01035624478572108,0.010856947868093082,0.006162675584505742,0.006021505051111419,0.0190890203522756,0.003135626547656839,0.003335219029326737
2025-10-14 00:00:00-04:00,-0.009300894090052483,-0.008800191007680482,-0.004460869795569744,-0.004602040328964068,-0.007771789585488045,-0.005094391226685454,-0.004894798745015552
2025-10-15 00:00:00-04:00,0.005560444885151679,0.00606114796752368,0.005069867289673381,0.004928696756279058,0.002838236681077513,9.243260325473776e-05,0.00029202508492463895
2025-10-16 00:00:00-04:00,-0.005388462947705802,-0.0048877598653338,-0.004997582008896689,-0.005138752542291012,-0.01679137317949372,-0.004204854940417375,-0.004005262458747475
2025-10-17 00:00:00-04:00,-0.007400419084419892,-0.00689971600204789,-0.006718429073667926,-0.00685959960706225,0.0007511819746640479,-0.004222555872893616,-0.004022963391223715
2025-10-20 00:00:00-04:00,0.006834782443366142,0.007335485525738143,0.00581636863610575,0.005675198102711429,0.011562076731173241,0.0011110567802156898,0.001310649261885591
2025-10-21 00:00:00-04:00,-0.0003595425813761086,0.00014116050099589344,0.0007735165336320555,0.0006323460002377324,-0.0010713260862256662,0.0008568955555894881,0.001056488037259388
2025-10-22 00:00:00-04:00,-0.006219873041921309,-0.005719169959549307,-0.008469111094606761,-0.008610281628001084,-0.0029027720760183406,0.0007554532421941776,0.0009550457238640762
2025-10-23 00:00:00-04:00,0.005404555415222391,0.005905258497594394,0.000537761754310067,0.000396591220915744,0.0062637436626601,-0.0016873847092207898,-0.0014877922275508904
2025-10-24 00:00:00-04:00,0.006255143218500417,0.006755846300872419,0.008425859938961638,0.008284689405567317,0.0067713684786990126,0.0011917890831177023,0.0013913815647876035
2025-10-27 00:00:00-04:00,0.0021876337238161576,0.002688336806188159,0.001675088313783872,0.0015339177803895471,0.005520933680370519,-0.0035974439923371557,-0.0033978515106672567
2025-10-28 00:00:00-04:00,0.002525417673259348,0.00302612075563135,0.004034436695123488,0.0038932661617291646,-0.0023762739636660774,-0.000622523187613435,-0.0004229307059435356
2025-10-29 00:00:00-04:00,0.004975085564139283,0.005475788646511285,0.0010971746457160772,0.0009560041123217542,0.0016183734795172707,0.0027446089907612404,0.0029442014724311407
2025-10-30 00:00:00-04:00,-0.005747527322071818,-0.005246824239699816,-0.004945787412927593,-0.005086957946321918,-0.008976105951574314,-6.385364893702998e-05,0.0001357388327328686
2025-10-31 00:00:00-04:00,-0.00015794987411747816,0.00034275320825452376,-0.0002133019376903385,-0.0003544724710846613,0.002963080585597983,0.0004452890065537816,0.0006448814882236817
2025-11-03 00:00:00-05:00,0.0024784456115340826,0.0029791486939060845,0.0026326676578651443,0.0024914971244708217,-0.001122821908883227,-0.0006582758005603991,-0.00045868331889049917
2025-11-04 00:00:00-05:00,-0.014640062142755794,-0.014139359060383792,-0.007390340071320441,-0.007531510604714766,-0.016617361327486355,-0.002852893354021835,-0.0026533008723519363
2025-11-05 00:00:00-05:00,0.0020159626319303406,0.0025166657143023425,0.002300367992973479,0.002159197459579155,0.005292789524984804,0.0028939225614790128,0.003093515043148913
2025-11-06 00:00:00-05:00,-0.011524600434533277,-0.011023897352161275,-0.012092823213628708,-0.012233993747023029,-0.012126560657246743,-0.003603161622686115,-0.0034035691410162147
2025-11-07 00:00:00-05:00,-0.004569843914394961,-0.004069140832022959,-0.0063998038566635655,-0.0065409743900578885,0.002661451471401389,-0.0007224765500671512,-0.0005228840683972509
2025-11-10 00:00:00-05:00,0.010249393040281477,0.010750096122653478,0.007176901945060547,0.007035731411666224,0.01971062022207637,0.005856648840454334,0.0060562413221242365
2025-11-11 00:00:00-05:00,0.0007208951996260388,0.0012215982819980408,0.0020666421808416538,0.0019254716474473308,0.002899959269103268,0.0014781717068899519,0.0016777641885598513
2025-11-12 00:00:00-05:00,-0.006416484998443095,-0.005915781916071093,-0.002612301429080069,-0.0027534719624743922,-0.002700310543596054,-0.0010112895395870593,-0.000811697057917159
2025-11-13 00:00:00-05:00,0.0011520473815536773,0.0016527504639256788,0.0013506336241861303,0.0012094630907918073,-0.016050156812575284,-0.0003609015742752752,-0.0001613090926053753
2025-11-14 00:00:00-05:00,0.011040015082527464,0.011540718164899466,0.004510228139827899,0.004369057606433575,0.003009679928146323,0.0008321124180585317,0.001031704899728432
2025-11-17 00:00:00-05:00,-0.01713136133619058,-0.016630658253818577,-0.010042231711215653,-0.010183402244609974,-0.02471223048755672,-0.007242624091142763,-0.007043031609472864
2025-11-18 00:00:00-05:00,0.006439289395761508,0.00693999247813351,0.006214193124709728,0.006073022591315405,0.00035712790213131285,0.007087691754325292,0.007287284235995192
2025-11-19 00:00:00-05:00,-0.008117228351956378,-0.007616525269584375,-0.004137051244603901,-0.004278221777998224,-0.002931408248453522,-0.0024567307593763967,-0.0022571382777064972
2025-11-20 00:00:00-05:00,-0.0019220170101694987,-0.0014213139277974973,0.005683184852284504,0.005542014318890181,-0.016610063455902383,0.002999000138740982,0.003198592620410881
2025-11-21 00:00:00-05:00,-0.00012091207064168427,0.0003797910117303172,0.002755151830246407,0.0026139812968520837,0.011121961155854487,0.004058633531126128,0.004258226012796027
2025-11-24 00:00:00-05:00,-0.009512938239763274,-0.009012235157391272,-0.008886302953903212,-0.009027473487297533,0.012773998313491563,0.002435462610624337,0.0026350550922942355
2025-11-25 00:00:00-05:00,-0.0044505425617582285,-0.003949839479386226,0.0023012381825266806,0.0021600676491323576,0.005360262435969312,0.0016023774971921688,0.0018019699788620685
2025-11-26 00:00:00-05:00,0.0013776000677539575,0.0018783031501259598,-0.0009796810777727514,-0.0011208516111670742,0.007473482030149854,-0.0004522378411219207,-0.0002526453594520212
2025-11-28 00:00:00-05:00,0.00444443585480139,0.004945138937173393,0.0008699401412724898,0.0007287696078781651,0.00684550566965817,-0.0009602870765037103,-0.0007606945948338111
2025-12-01 00:00:00-05:00,0.0037230895312495224,0.004223792613621524,-0.0012209825536554895,-0.0013621530870498127,0.0001025840944319672,0.0020993573515050564,0.002298949833174956
2025-12-02 00:00:00-05:00,-0.008892325223522225,-0.008391622141150223,-0.007337364977288958,-0.007478535510683283,-0.0002176972333823666,0.000975631196624506,0.0011752236782944054
2025-12-03 00:00:00-05:00,0.012889220230088837,0.013389923312460838,0.008815644891497786,0.008674474358103465,0.005019787409755783,-0.003241606960666693,-0.0030420144789967936
2025-12-04 00:00:00-05:00,0.0020826038110360085,0.0025833068934080104,0.0003918474948175735,0.0002506769614232503,-0.0009217983742501662,-0.002485798293979897,-0.002286205812309997
2025-12-05 00:00:00-05:00,-0.006985591009730088,-0.006484887927358086,-0.006882046708751123,-0.007023217242145446,-0.0015848715790915797,-0.0020673018111673803,-0.001867709329497481
2025-12-08 00:00:00-05:00,-0.0034095739189621325,-0.0029088708365901305,-0.003958909320627905,-0.0041000798540222275,-0.002939435842683316,0.0008280300916854687,0.0010276225733553694
2025-12-09 00:00:00-05:00,0.004289816362086472,0.0047905194444584735,0.0016064662592827402,0.0014652957258884164,0.0023495375931500565,0.00242239178517042,0.0026219842668403198
2025-12-10 00:00:00-05:00,0.0058150151836989595,0.006315718266070962,0.005128417701848119,0.004987247168453796,0.01143236785180542,0.003984953426660822,0.004184545908330721
2025-12-11 00:00:00-05:00,-0.0018184708154761076,-0.0013177677331041057,0.0033428315727504,0.003201661039356077,-0.00807336903485221,-0.009085609892465612,-0.008886017410795711
2025-12-12 00:00:00-05:00,-0.010309216707795513,-0.009808513625423511,-0.0016725098777580806,-0.0018136804111524045,-0.018878449576743266,-0.004100581152810777,-0.003900988671140877
2025-12-15 00:00:00-05:00,-0.002695680296565649,-0.002194977214193647,0.002949591908797347,0.002808421375403023,-0.005334164006068995,0.0006737690280480962,0.0008733615097179955
2025-12-16 00:00:00-05:00,-0.003913218783968523,-0.0034125157015965214,0.0036402334179964305,0.0034990628846021067,-0.009918159518302345,0.0007982768591578773,0.0009978693408277772
2025-12-17 00:00:00-05:00,0.0026317438159232757,0.0031324468982952772,-0.001015559428153753,-0.0011567299615480777,-0.0061167623057760715,-0.0007758749852600699,-0.0005762825035901694
2025-12-18 00:00:00-05:00,-0.004237820540140667,-0.003737117457768665,-0.0008947478899241383,-0.0010359184233184604,0.0015129588165763972,0.0001077178149502334,0.00030731029662013404
2025-12-19 00:00:00-05:00,-0.00061335053790637,-0.00011264745553436761,-0.0032574194395486294,-0.003398589972942952,0.00818394116124182,-0.0007250988886795696,-0.0005255064070096693
2025-12-22 00:00:00-05:00,0.006365072623372907,0.00686577570574491,0.005243569964429366,0.0051023994310350415,0.00819611564008891,0.0005707882988931958,0.000770380780563097
2025-12-23 00:00:00-05:00,-0.006015898990169493,-0.0055151959077974905,-0.006840598311606539,-0.00698176884500086,-0.00012189931283853412,-0.003952811701603159,-0.003753219219933259
2025-12-24 00:00:00-05:00,0.0007216018653380769,0.0012223049477100788,0.0032625504742465014,0.003121379940852178,0.0009722120871659516,-6.207550121327399e-05,0.00013751698045662611
2025-12-26 00:00:00-05:00,-0.003961483068260298,-0.0034607799858882952,-0.0028218047558776164,-0.0029629752892719394,-0.004624465510607279,-0.002387473145753469,-0.0021878806640835695
2025-12-29 00:00:00-05:00,-0.0013459703016806823,-0.0008452672193086804,-0.0037712087945256448,-0.003912379327919968,-0.0011268910729858171,0.0013030483326319196,0.0015026408143018195
2025-12-30 00:00:00-05:00,-0.0023978765947614885,-0.0018971735123894866,-0.0034703305064979666,-0.0036115010398922896,-0.0003478547854770873,0.0007919896533084038,0.0009915821349783032
2025-12-31 00:00:00-05:00,-0.00340875015974936,-0.0029080470773773575,-0.0014222022376858892,-0.0015633727710802118,-0.009323100568511437,7.7848247443741e-05,0.0002774407291136413
2026-01-02 00:00:00-05:00,0.0006988599201983273,0.0011995630025703292,-0.004815883581059816,-0.004957054114454139,0.00235241147786542,-0.0035855259522934984,-0.003385933470623599
2026-01-05 00:00:00-05:00,0.016721796030433323,0.017222499112805326,0.011937365865789966,0.011796195332395641,0.019352103518438867,0.006055723867684368,0.006255316349354266
2026-01-06 00:00:00-05:00,-0.018525911279576868,-0.018025208197204868,-0.012033894000419605,-0.012175064533813926,-0.0029391358196238972,-0.0019541271559828603,-0.0017545346743129617
2026-01-07 00:00:00-05:00,-0.010647441097805663,-0.010146738015433662,-0.008019937694533682,-0.008161108227928005,-0.008084914429736904,0.0003731345076548945,0.0005727269893247948
2026-01-08 00:00:00-05:00,0.010903081823731417,0.01140378490610342,0.008134608986001598,0.007993438452607275,0.008547523518653392,0.005088164556127449,0.0052877570377973466
2026-01-09 00:00:00-05:00,-0.003368531788422796,-0.0028678287060507936,-0.0048022647885425495,-0.0049434353219368725,0.0041863616431923635,-0.00030306403390621597,-0.00010347155223631608
2026-01-12 00:00:00-05:00,-0.0032246625869670666,-0.0027239595045950647,-0.001162510232167973,-0.001303680765562296,0.0009255262424515561,0.0040173136792864515,0.004216906160956351
2026-01-13 00:00:00-05:00,-0.008834825426618563,-0.008334122344246561,-0.01251081369803634,-0.012651984231430664,-0.011339163365552192,-0.00806135947452331,-0.007861766992853412
2026-01-14 00:00:00-05:00,0.013329588451881478,0.01383029153425348,0.009161253131797317,0.009020082598402993,-0.0026300083318057336,-0.0017412595687090263,-0.001541667087039126
2026-01-15 00:00:00-05:00,-0.0029372793764330775,-0.0024365762940610756,-3.2043157687955404e-05,-0.00017321369108227796,0.00030590661205248193,0.0006284590023268345,0.0008280514839967344
2026-01-16 00:00:00-05:00,0.0014651370299160772,0.0019658401122880794,0.000669381784647111,0.0005282112512527877,-0.0010557763467294347,-0.0005869127589378329,-0.0003873202772679327
2026-01-20 00:00:00-05:00,0.008507460362437361,0.009008163444809363,0.00838609859772518,0.008244928064330857,-0.01642745363680177,0.00413592919583413,0.004335521677504032
2026-01-21 00:00:00-05:00,0.012507086691406294,0.013007789773778295,0.007120785791923455,0.006979615258529131,0.01415143573144086,0.0007597889587544031,0.0009593814404243008
2026-01-22 00:00:00-05:00,0.0008349112946275591,0.0013356143769995615,0.0005211463256171557,0.00037997579222283275,0.005173193498177568,0.00036527993158224324,0.0005648724132521431
2026-01-23 00:00:00-05:00,-0.007165462786436598,-0.006664759704064596,-0.008396928659990453,-0.008538099193384777,-0.00707494414640483,-0.0046380636112315615,-0.004438471129561662
2026-01-26 00:00:00-05:00,-0.005655738793818993,-0.00515503571144699,-0.0050116342930067986,-0.005152804826401121,0.0008109248410966088,-0.0030876147109797423,-0.0028880222293098425
2026-01-27 00:00:00-05:00,0.0023842180889100265,0.0028849211712820284,-0.002567414675886127,-0.0027085852092804488,0.004300512603713993,-5.680009182329471e-06,0.00019391247248757014
2026-01-28 00:00:00-05:00,0.0006981285022073123,0.0011988315845793142,-0.0041242868553237845,-0.004265457388718108,0.001737263559158317,-0.001120810692193163,-0.0009212182105232626
2026-01-29 00:00:00-05:00,0.005865863386499866,0.006366566468871868,0.008656413421773137,0.008515242888378814,0.0009451056880770484,0.002488938994139469,0.0026885314758093677
2026-01-30 00:00:00-05:00,5.738784736122101e-05,0.0005580909297332229,0.003778667130990344,0.003637496597596021,-0.0016466631236919807,0.003986363227548131,0.0041859557092180305
2026-02-02 00:00:00-05:00,-0.009408880635686446,-0.008908177553314444,-0.003941872411726431,-0.004083042945120754,6.52194284672513e-05,-0.0005848677054059968,-0.0003852752237360974
2026-02-03 00:00:00-05:00,0.0233900088588924,0.0238907119412644,0.018159971913495405,0.018018801380101084,-0.0007492412120427075,0.0033169044952803123,0.003516496976950216
2026-02-04 00:00:00-05:00,0.010185425564996542,0.010686128647368544,0.01211394957054869,0.011972779037154366,0.0006714558025336676,0.0037419643499238993,0.003941556831593799
2026-02-05 00:00:00-05:00,-0.00568845261149835,-0.005187749529126349,-0.0015528412828673746,-0.0016940118162616976,-0.016921125277506686,-0.0009660845477314113,-0.0007664920660615125
2026-02-06 00:00:00-05:00,0.012473845903989492,0.012974548986361493,0.0021577483722863416,0.0020165778388920213,0.027565874370074135,0.002303067873661354,0.0025026603553312517
2026-02-09 00:00:00-05:00,0.0029222847197754396,0.003422987802147442,-0.001904224008515417,-0.0020453945419097405,0.005357259217599145,0.00021126086171498627,0.00041085334338488593
2026-02-10 00:00:00-05:00,-0.00035988989393824543,0.0001408131884337565,0.0013737432996402338,0.001232572766245911,-0.0058553184960783815,-0.0002868096545956102,-8.721717292570989e-05
2026-02-11 00:00:00-05:00,0.010441428612093918,0.01094213169446592,0.0022018154477603767,0.002060644914366053,0.002272654332292127,-0.00029318434624832183,-9.359186457842065e-05
2026-02-12 00:00:00-05:00,-0.007834418595918807,-0.007333715513546805,-0.00014266452076019953,-0.0002838350541545199,-0.023627656745784605,-0.0010829426121299647,-0.0008833501304600653
2026-02-13 00:00:00-05:00,0.008951474221496246,0.009452177303868247,0.006980399466098156,0.006839228932703831,0.004710045941672108,0.003495609776331755,0.0036952022580016555
2026-02-17 00:00:00-05:00,-0.006767591826334013,-0.006266888743962012,-0.001816507239095824,-0.001957677772490147,-0.0022860644168465733,-0.0010952346501683068,-0.0008956421684984074
2026-02-18 00:00:00-05:00,0.007380989894244434,0.007881692976616436,0.0011000286526740427,0.0009588581192797206,0.009766353574986779,3.675401718572155e-05,0.00023634649885562306
2026-02-19 00:00:00-05:00,0.006414798547691279,0.00691550163006328,0.005408281820420429,0.005267111287026106,-0.0020883585550592835,0.0014710720923938525,0.0016706645740637528
2026-02-20 00:00:00-05:00,-0.007375376908718109,-0.0068746738263461065,-0.002874655447706511,-0.003015825981100834,0.0015058759603614204,-0.0009985631925876646,-0.0007989707109177652
2026-02-23 00:00:00-05:00,0.004758553785918134,0.005259256868290136,0.005038957962422096,0.004897787429027772,-0.013620294752127072,0.0019963287968696626,0.002195921278539563
2026-02-24 00:00:00-05:00,-0.0029701284898285283,-0.002469425407456526,-0.0029981306930769664,-0.00313930122647129,0.0043572259489249275,-0.0012215027832833932,-0.0010219103016134929
2026-02-25 00:00:00-05:00,-0.004928258507735084,-0.004427555425363081,-0.00589752525204066,-0.006038695785434983,0.010336019270289978,0.0005652826893844647,0.000764875171054365
2026-02-26 00:00:00-05:00,0.007041245904098395,0.007541948986470396,0.008785713234350073,0.00864454270095575,-0.0020856118100169626,0.0011806597872955921,0.0013802522689654912
2026-02-27 00:00:00-05:00,0.0025255035751798496,0.0030262066575518515,0.0021972870326243347,0.0020561164992300117,-0.009760856800531943,-0.001813294547843871,-0.0016137020661739698
2026-03-02 00:00:00-05:00,0.014162008133896502,0.014662711216268503,0.006983247324314577,0.006842076790920254,0.00786920179286002,0.0029321196208559244,0.0031317121025258247
2026-03-03 00:00:00-05:00,-0.006961013245122672,-0.00646031016275067,-0.0029603520754199145,-0.0031015226088142362,-0.012869544619586162,-0.002132359381241773,-0.0019327668995718732
2026-03-04 00:00:00-05:00,-0.003952495723415692,-0.00345179264104369,-0.004217544296457398,-0.004358714829851722,0.006776159465743777,0.0011879388959011418,0.0013875313775710421
2026-03-05 00:00:00-05:00,-0.003173015799002196,-0.002672312716630194,-0.008188859152764252,-0.008330029686158575,-0.005302133700844898,-0.0031307854864106397,-0.002931193004740739
2026-03-06 00:00:00-05:00,-0.0008321444715919165,-0.000331441389219915,-1.6901014630345268e-05,-0.00015807154802466755,-0.015189238849962747,-0.0015447251663042328,-0.0013451326846343336
2026-03-09 00:00:00-04:00,-0.0026188803983927924,-0.00211817731602079,-0.0025523741761071216,-0.002693544709501446,0.0005054501099430123,-0.0037964607377926583,-0.0035968682561227576
2026-03-10 00:00:00-04:00,-0.005615652575306855,-0.005114949492934852,-0.0020115090517696848,-0.002152679585164008,-0.006702418216886769,-0.0005336443710816235,-0.0003340518894117239
2026-03-11 00:00:00-04:00,0.014415918595861209,0.01491662167823321,0.005153731731252139,0.005012561197857817,0.0030963942280994427,-0.0008790741047449199,-0.0006794816230750213
2026-03-12 00:00:00-04:00,0.007389069263218383,0.007889772345590384,0.0038921014705475014,0.0037509309371531784,-0.012944676050938062,-0.0003872981039498881,-0.0001877056222799869
2026-03-13 00:00:00-04:00,0.00258131750789208,0.003082020590264082,0.0018885387896413345,0.0017473682562470113,-0.0021923700592776573,0.0017880138951522646,0.001987606376822164
2026-03-16 00:00:00-04:00,-0.0010961792139226774,-0.0005954761315506759,-0.0013704687839977067,-0.0015116393173920297,0.005620474738935774,-0.0031525716105379586,-0.002952979128868059
2026-03-17 00:00:00-04:00,0.005161591672796966,0.005662294755168967,0.001962972016105697,0.001821801482711373,0.0047519069539914945,-0.00021743392935553302,-1.7841447685633133e-05
2026-03-18 00:00:00-04:00,0.0026847385377760918,0.0031854416201480933,0.0002380808329348217,9.691029954049795e-05,-0.012599778021902621,-0.0007747705244972513,-0.0005751780428273506
2026-03-19 00:00:00-04:00,0.007802025085234129,0.008302728167606133,0.0009171198929172324,0.0007759493595229094,0.0022857659278296364,-0.0007515312169500479,-0.0005519387352801472
2026-03-20 00:00:00-04:00,0.0009612074051720647,0.0014619104875440662,0.0023924956032715973,0.002251325069877274,-0.009355487935439895,0.00244475999635445,0.002644352478024351
2026-03-23 00:00:00-04:00,0.002980015676538727,0.0034807187589107284,0.0007155237041533667,0.000574353170759042,0.01115994750534402,0.00026201085450471007,0.00046160333617460984
2026-03-24 00:00:00-04:00,0.009365493231065156,0.009866196313437159,0.004281555918261995,0.004140385384867671,0.004593272757016291,0.0033621547803579133,0.003561747262027814
2026-03-25 00:00:00-04:00,-0.004846111760574989,-0.004345408678202986,-0.0014153459018582451,-0.0015565164352525686,0.0013905784386118998,0.00046041805959831737,0.0006600105412682172
2026-03-26 00:00:00-04:00,0.014414181444566151,0.014914884526938153,0.012288479791722377,0.012147309258328055,-0.009038276446861728,0.0039029858700277073,0.004102578351697608
2026-03-27 00:00:00-04:00,0.012045686445597352,0.012546389527969354,0.005722592191638239,0.005581421658243914,-0.008149011241163783,0.005419841745476226,0.005619434227146126
2026-03-30 00:00:00-04:00,-0.006017993147607766,-0.005517290065235764,0.002683562960193519,0.002542392426799194,-0.00275725447074986,0.0044481601934818,0.004647752675151698
2026-03-31 00:00:00-04:00,-0.00918821085412774,-0.008687507771755736,-0.005182879132394565,-0.005324049665788887,0.022996536041733174,0.0013418325615251504,0.001541425043195049
2026-04-01 00:00:00-04:00,-0.024219279593831192,-0.02371857651145919,-0.013979896669189683,-0.014121067202584004,-0.005060819068900329,-0.0014097706221759161,-0.0012101781405060175
2026-04-02 00:00:00-04:00,0.002374267397668668,0.0028749704800406705,-0.001041885644613787,-0.00118305617800811,0.0008641427708267193,-0.0020299525154800734,-0.001830360033810174
2026-04-06 00:00:00-04:00,-3.9206692107188364e-05,0.000461496390264814,-0.0011971511910853529,-0.0013383217244796759,0.001530203287830251,-0.003772852871068707,-0.0035732603893988083
2026-04-07 00:00:00-04:00,0.003925678042885611,0.004426381125257613,0.0005581763653994508,0.00041700583200512823,0.0022219606604393233,-2.8138123523601538e-05,0.00017145435814629878
2026-04-08 00:00:00-04:00,-0.022245617071308694,-0.02174491398893669,-0.008855865412051805,-0.008997035945446126,0.00939732227544629,-0.003288628423883992,-0.00308903594221409
2026-04-09 00:00:00-04:00,-0.008207761592971357,-0.007707058510599354,-0.0015972713293721315,-0.001738441862766454,-0.00022410076190534792,0.0009763297796648394,0.0011759222613347388
2026-04-10 00:00:00-04:00,-0.004623443182890641,-0.004122740100518639,-0.003695889394781799,-0.003837059928176122,-0.00037295694440881225,0.004169460279870859,0.00436905276154076
2026-04-13 00:00:00-04:00,0.016281998453627565,0.016782701535999568,0.013244005830508667,0.013102835297114344,0.01612196856189968,0.0037071753109402944,0.00390676779261019
2026-04-14 00:00:00-04:00,-0.001936609400522732,-0.0014359063181507304,0.005546212072293385,0.005405041538899062,0.0015534227123987533,-0.0008760907346693596,-0.0006764982529994584
2026-04-15 00:00:00-04:00,0.0038721695585486734,0.004372872640920676,0.0037536278916055956,0.0036124573582112726,0.0073621725118863494,0.0008110513858731478,0.0010106438675430477
2026-04-16 00:00:00-04:00,0.0043549495135740985,0.004855652595946101,-0.0024159570740533813,-0.0025571276074477043,0.007884298412598828,0.0020611763946674095,0.00226076887633731
2026-04-17 00:00:00-04:00,0.008566821556394476,0.009067524638766478,0.018349666760354315,0.01820849622695999,0.006270485403527166,0.0046788556757520194,0.00487844815742192
2026-04-20 00:00:00-04:00,0.004582023391592569,0.005082726473964572,0.003204421294226619,0.0030632507608322965,0.0018341936213097385,0.0021983950093788394,0.002397987491048739
2026-04-21 00:00:00-04:00,-0.00011339392878259406,0.0003873091535894083,-0.007853945017673593,-0.007995115551067916,-0.0027182132200911768,-0.0019181263887240838,-0.0017185339070541843
2026-04-22 00:00:00-04:00,0.0062073386490852055,0.006708041731457207,0.0005586761052283687,0.00041750557183404657,0.007314401375081027,-0.0033295375530932557,-0.0031299450714233562
2026-04-23 00:00:00-04:00,-0.006378923233622415,-0.005878220151250413,-0.004628078724232579,-0.004769249257626903,-0.0058879978642682775,0.0003588759874020679,0.0005584684690719682
2026-04-24 00:00:00-04:00,0.013286661538114206,0.013787364620486207,0.008096437652783998,0.007955267119389675,0.0062844469870657945,-0.000515579644029561,-0.00031598716235966065
2026-04-27 00:00:00-04:00,-0.0004846137233172135,1.608935905478867e-05,0.0007198038315388519,0.0005786332981445287,0.0006262059442542624,-0.0005964103973772289,-0.000396817915707329
2026-04-28 00:00:00-04:00,-0.010212947121698426,-0.009712244039326422,-0.01071733438470884,-0.010858504918103164,-0.0032266997959015872,-0.0001447833658499518,5.480911581994853e-05
2026-04-29 00:00:00-04:00,0.006673705160427631,0.007174408242799633,-0.002754520564770402,-0.002895691098164726,0.009435015846173633,0.0024033857477398276,0.002602978229409727
2026-04-30 00:00:00-04:00,-0.0023458686309902575,-0.0018451655486182552,-8.277056352970751e-05,-0.00022394109692403094,0.0024132500743644955,-0.0036825274968883895,-0.0034829350152184896
2026-05-01 00:00:00-04:00,0.009570997504327501,0.010071700586699504,0.01006289254446495,0.009921722011070628,0.0007604537439909673,0.0013226311979997359,0.0015222236796696362
2026-05-04 00:00:00-04:00,0.001962434449444175,0.002463137531816177,-0.002607353545392662,-0.0027485240787869856,-0.0007272711016871921,0.0005240797520015574,0.0007236722336714568
2026-05-05 00:00:00-04:00,0.010791614109209246,0.011292317191581247,0.007131001567488271,0.006989831034093947,0.006328816712508591,-0.0013566344568919815,-0.0011570419752220812
2026-05-06 00:00:00-04:00,0.01237066406990427,0.012871367152276271,0.022918734638041664,0.02277756410464734,0.0028341719126468573,0.0016602824229446853,0.0018598749046145856
2026-05-07 00:00:00-04:00,0.0002854895753916075,0.0007861926577636094,0.005513402988753795,0.005372232455359472,-0.004870975235096022,0.0037935357600732793,0.003993128241743179
2026-05-08 00:00:00-04:00,0.021973930167449862,0.022474633249821865,0.015368333158303035,0.01522716262490871,0.01217587568723573,0.0038187290354499068,0.004018321517119802
2026-05-11 00:00:00-04:00,0.00589932415728206,0.006400027239654061,-0.0052729751508046215,-0.005414145684198945,0.008358372899685836,-0.0012478041922991435,-0.0010482117106292437
2026-05-12 00:00:00-04:00,-0.01110447523683763,-0.010603772154465629,-0.007640059149255732,-0.007781229682650056,-0.0025661053328371753,-0.00026111488237902034,-6.152240070912175e-05
2026-05-13 00:00:00-04:00,0.005150848591152866,0.005651551673524868,0.005201460837035854,0.0050602903036415315,0.0004183293634902555,-0.00030587391770299857,-0.00010628143603309825
2026-05-14 00:00:00-04:00,0.004399055993137078,0.00489975907550908,0.0013892397570008895,0.001248069223606566,0.0072765207579796685,-0.0013924897098691706,-0.0011928972281992703
2026-05-15 00:00:00-04:00,-0.007725199971448786,-0.007224496889076785,-0.01399197838021804,-0.014133148913612361,-0.008626446625685142,-0.003738820015404789,-0.0035392275337348903
2026-05-18 00:00:00-04:00,-0.007483682578795616,-0.006982979496423613,-0.008934022124998553,-0.009075192658392878,0.0005636508120301469,-0.0027207583622838316,-0.0025211658806139313
2026-05-19 00:00:00-04:00,-0.0016169539601724745,-0.0011162508778004721,-0.0056525433322896414,-0.005793713865683964,-0.0143422026666262,-0.009311357149829691,-0.009111764668159791
