signal,target,ic_1d,ic_5d,ic_20d,ic_20d_neutral_spy,ic_rolling_60d_mean,quintile_spread_20d,quintile_spread_20d_neutral,leakage_risk
earnings_mean_SPY,SPY,0.03467142806624795,-0.03782847062958468,0.16964908295468856,0.1654856721449642,0.1892314976560942,0.011921430673401859,0.007781286135369513,HIGH
earnings_mean_SPY,QQQ,0.07396615637121046,0.02099534052686403,0.18042040276204954,0.1764243573535609,0.1368369209938533,0.02866869998394461,0.022235360102190963,HIGH
earnings_mean_SPY,IWM,0.005319620440016282,-0.026061961588758,0.2641356012471144,0.2597587442056469,0.3302836423623707,0.029896008320353756,0.024716960649353206,HIGH
earnings_mean_SPY,XLK,0.07743113875716295,0.022729048992276808,0.17662672036462992,0.17000526759376322,0.14024458788175417,0.038986126124621136,0.029693572678894005,HIGH
earnings_mean_SPY,XLF,-0.010448135374575802,-0.018990003178457105,0.1177484936139095,0.11847555836493892,0.18472238858315881,0.011192602085485438,0.008652540597380241,HIGH
earnings_mean_SPY,XLE,-0.018102678325951044,-0.10654795781279751,-0.17609659185504503,-0.16908659924146652,0.02684444726201026,-0.026536487400881735,-0.018924361076806496,HIGH
earnings_breadth_SPY,SPY,0.062321093178886816,0.048820119362809354,0.11528813708209558,0.09346713021491784,0.15222429799257783,0.008793553423379109,0.0153627877946928,HIGH
earnings_breadth_SPY,QQQ,0.08742887172577647,0.10310861916706697,0.12323904308775735,0.0978581963758955,0.12527647196790734,0.029910392313699602,0.02282600599576601,HIGH
earnings_breadth_SPY,IWM,0.040928241049649206,0.08110332919786546,0.18066225312864787,0.16844289928360726,0.16305533228391353,0.010555069941100496,0.029347922108848387,HIGH
earnings_breadth_SPY,XLK,0.08217673437668221,0.1264315911703524,0.12765621309090278,0.0891361146228403,0.17058269666154724,0.04800027443375851,0.028870005131584827,HIGH
earnings_breadth_SPY,XLF,0.015948576588426258,0.04987426499007649,0.06581583304686682,0.09071217867678046,0.053176373432834136,-0.012509473164084316,0.01488145338839044,HIGH
earnings_breadth_SPY,XLE,-0.0245313447123183,-0.12511390913626846,-0.14105496210044388,-0.08563105773282766,0.03189046381906337,0.016023882611596638,-0.01601934898512769,HIGH
earnings_mean_QQQ,SPY,-0.08891095381573,-0.06000393143530842,-0.15159120349609315,-0.15522229245680574,0.16479509421502908,0.0009901307148237372,-0.0060924310533310815,HIGH
earnings_mean_QQQ,QQQ,-0.09722031905507315,-0.1227492675330556,-0.24284691036771136,-0.2459492203961231,-0.008281640454818958,-0.0103754999392952,-0.022648867934565095,HIGH
earnings_mean_QQQ,IWM,-0.06318697204740245,0.05286391338342289,0.19435991309350734,0.18944479561736202,0.5211733904912128,0.03849452173608004,0.027835775326735396,HIGH
earnings_mean_QQQ,XLK,-0.1400879597902326,-0.16037696237326723,-0.27899205130972804,-0.28058364938895913,-0.05832543399813384,-0.020653086942069996,-0.036921503575469354,HIGH
earnings_mean_QQQ,XLF,-0.023401389335969986,0.03003266283148869,0.038270859127766135,0.009968394437420987,0.2898060350413959,0.02001404856555302,0.010411427201199563,HIGH
earnings_mean_QQQ,XLE,0.04096807148538002,0.08836588751810306,0.2695320765975244,0.28421407501053525,0.3194935616010438,0.005906905522681853,0.021593938714258985,HIGH
earnings_breadth_QQQ,SPY,0.03378120039544456,0.15958824018253598,0.3417758929421566,0.22024652338811632,0.4572962588541289,0.02343244384096591,0.020699960038638686,HIGH
earnings_breadth_QQQ,QQQ,0.0015140301815720209,0.06648985260162592,0.2816537814596467,0.18814264643910664,0.3411656404371558,0.03620515343550865,0.022146546732465272,HIGH
earnings_breadth_QQQ,IWM,0.05711066108339147,0.24047434690412264,0.38735975279589924,0.20448272229245684,0.34603571178829584,0.04067753833524628,0.03227200841100235,HIGH
earnings_breadth_QQQ,XLK,-0.013692515054829511,0.10256073586416373,0.288269606093244,0.21132005899705017,0.3423635698427882,0.052252915487954195,0.03374005787952644,HIGH
earnings_breadth_QQQ,XLF,0.07006425185691559,0.2827446732514443,0.3267536463541025,0.1479361567635904,0.2651591063096169,0.013545853931404901,0.017555837552218366,HIGH
earnings_breadth_QQQ,XLE,0.011232685312565145,0.034700140551483766,-0.16124025227312733,-0.11857353560893386,0.07932153051234858,-0.01612654342315751,-0.011251565683595526,HIGH
daily_earnings_factor,SPY,-0.08874688808588961,-0.05961896720846578,0.009647964822349466,0.010413196668802051,0.24122985986196177,-0.014159816902191081,-0.01358961635702799,HIGH
daily_earnings_factor,QQQ,-0.08384118853099355,-0.10100774895475986,-0.05840555251604984,-0.05793294896433911,0.0960663922172983,-0.02032515646927586,-0.01954882636065423,HIGH
daily_earnings_factor,IWM,-0.044862169750481434,0.06681772497887986,0.3582490286493173,0.36047405509288927,0.6212987721697768,0.016850110333221917,0.01675843854598253,HIGH
daily_earnings_factor,XLK,-0.09162349574525833,-0.14637018859513343,-0.09126988643197126,-0.09224428784966902,0.06079603429092568,-0.02999466766982324,-0.029606434592655273,HIGH
daily_earnings_factor,XLF,-0.025595248962062066,0.04656568387019184,0.17883886089035467,0.18495515695067266,0.3760500882589139,0.005659407842786534,0.005036171564139969,HIGH
daily_earnings_factor,XLE,-0.016366456828324532,-0.04459273342671829,0.09697171102785335,0.09530215673713432,0.17874472256394144,0.015301899117521767,0.0136451328503382,HIGH
macro_rates_change,SPY,0.011189980864915463,-0.13340181570041806,-0.0688836965012181,-0.0735413148401667,-0.07212558413291274,-0.006263414531702236,-0.003441471620573164,MEDIUM
macro_rates_change,QQQ,0.000628221874473388,-0.1321308855731936,-0.09235489699184829,-0.09679434013170386,-0.11854792937549519,-0.01676084157193759,-0.012387714360918855,MEDIUM
macro_rates_change,IWM,0.04037889214093291,-0.06645803917461333,0.009552163040273074,0.002725010742158225,0.028021577598804616,0.00237170690750756,0.003148458264561553,MEDIUM
macro_rates_change,XLK,-0.028891125453239516,-0.1299814151857786,-0.09411213924588326,-0.09379353072257254,-0.12319894582482888,-0.026848574493064103,-0.019965040554547356,MEDIUM
macro_rates_change,XLF,0.06315149305433601,-0.0341722009150665,0.012077355633930368,0.0006655141746525038,0.01579169860028187,0.003940112663470655,0.0050657857110895125,MEDIUM
macro_rates_change,XLE,-0.02490703036825367,-0.0075760157275107844,-0.07588968196783119,-0.08177130694592949,-0.08200196304501059,-0.007984524882323742,-0.008686627453575901,MEDIUM
macro_dollar_change,SPY,-0.02656236416410444,-0.05426468335169433,-0.07359787752584286,-0.07776623065162433,-0.06613125800538311,-0.004808908591878484,-0.004786554887760808,MEDIUM
macro_dollar_change,QQQ,-0.04590784051121551,-0.04193619404084037,-0.05583607721107115,-0.058241483716886686,-0.03691771871357479,-0.0023553107276841623,-0.0009810586488111263,MEDIUM
macro_dollar_change,IWM,0.05074322615639607,0.00237334158336126,-0.019045882196370725,-0.027122200793420804,0.013312839517924058,-0.007922598923573079,-0.006401504242986963,MEDIUM
macro_dollar_change,XLK,-0.05170188502536003,-0.06302820377880465,-0.07294684301544462,-0.07378813466169698,-0.05497114724544624,-0.004721052905282519,-0.0020957177741310756,MEDIUM
macro_dollar_change,XLF,0.019933983481825544,-0.052326275406912856,-0.0395782015903123,-0.05241973359447605,-0.07353856823605305,-0.004089671580416454,-0.0071702674275622704,MEDIUM
macro_dollar_change,XLE,0.04008825805473966,-0.07757720898804882,-0.024142238302327895,-0.030148991236397436,-0.009018804089249374,-0.008199748342243875,-0.0045421321713866175,MEDIUM
macro_inflation_change,SPY,-0.0033224251107113146,0.12948145627094387,0.03377437847810634,0.02848120871763613,-0.034091060416658436,0.006440871828475556,0.005110225242353918,MEDIUM
macro_inflation_change,QQQ,0.012482106463175553,0.12913863519215601,0.06378550037026197,0.056856494758826065,0.02885471063854463,0.014254570298573434,0.010954497469856283,MEDIUM
macro_inflation_change,IWM,-0.049835589915438676,0.09368350097149603,-0.02733407346046099,-0.023683710891049536,-0.07913790695038302,-0.0034197584242695277,-0.0044045541997488995,MEDIUM
macro_inflation_change,XLK,0.03912956081135164,0.1234651528569395,0.0719625393088798,0.061824867846472085,0.04642118040851037,0.021226187450798517,0.01526710707130259,MEDIUM
macro_inflation_change,XLF,-0.055070242636392215,0.05153798622769703,-0.04395995319414344,-0.03558102585112868,-0.06314509370221796,-0.0002791692320572893,-0.0019867166494985967,MEDIUM
macro_inflation_change,XLE,0.005784942235156855,0.006005564440451962,0.04389999690228018,0.06376744976167399,0.07420774350922171,0.00022637254872124452,0.004439722344328531,MEDIUM
macro_volatility_change,SPY,-0.02025078241659337,-0.058800788074792755,-0.029175701737731465,-0.03708692654362316,0.05508425543043004,0.0047492359955365274,0.003145099667957991,MEDIUM
macro_volatility_change,QQQ,0.0009377984708849765,-0.05920060799061579,-0.022014929101755724,-0.03290298082399849,0.05237402546458985,0.006675308960293738,0.00411002142495134,MEDIUM
macro_volatility_change,IWM,0.08848899581609708,-0.007940225270436042,-0.008995433333666427,-0.0104743537217831,0.08048216007714563,0.009538341142633244,0.007601081832988972,MEDIUM
macro_volatility_change,XLK,-0.000915769647743383,-0.07376925269196932,-0.031113287300270808,-0.04514004776513146,0.03822401647516468,0.009876019551401154,0.00642774585907413,MEDIUM
macro_volatility_change,XLF,0.03299054884070314,-0.01882044864090141,-0.019028109480079547,-0.007034864548879319,0.04555546475328114,0.009338009455367979,0.010108656236963318,MEDIUM
macro_volatility_change,XLE,-0.09843351341913464,-0.024553403632248286,0.039300310773135616,0.05321115585622496,0.010570256443783408,-0.009638605636730663,-0.005859108622539855,MEDIUM
macro_regime_state,SPY,-0.021233662422026636,0.020814648729446942,0.004832010095167989,0.005514222619485778,0.05817764193757527,-0.00039508143710697066,-0.00039508143710697066,MEDIUM
macro_regime_state,QQQ,-0.03510054400375832,0.021243860773008758,0.007270361217729639,0.00779615121720385,0.053754931925534884,0.0003292730517872912,0.0003292730517872912,MEDIUM
macro_regime_state,IWM,0.05834802268352913,0.02321375186846039,0.010798412114201586,0.01072743046427257,0.05283504677225156,-0.0010654121119903007,-0.0010654121119903007,MEDIUM
macro_regime_state,XLK,-0.06510529251972051,-0.01816463805253043,-0.019109837530890163,-0.018701035806298966,-0.0032594239140501997,-0.002783327524633783,-0.002783327524633783,MEDIUM
macro_regime_state,XLF,0.05847257212443429,-0.0784465086483024,-0.000343077974656922,0.00031810294968189704,0.006857460405668244,-0.003763084469178263,-0.003763084469178263,MEDIUM
macro_regime_state,XLE,-0.09929774541453906,-0.0068994234465086495,-0.024746306325253695,-0.023986539776013463,-0.005222932296008154,0.003970247782320208,0.003970247782320208,MEDIUM
flow_abnormal_vol_SPY,SPY,0.08477533478482785,0.07445219809494108,0.030363689784238836,0.0370025932218546,0.15778396045685206,-0.002400070699602092,-0.0018013316979060313,LOW
flow_abnormal_vol_SPY,QQQ,0.07595393025429097,0.04632801840084207,0.024778681927926316,0.029334065737535296,0.17159956713122068,-0.012905853295281745,-0.011779925680974856,LOW
flow_abnormal_vol_SPY,IWM,0.06169509245263943,-0.04626668226060063,0.09439327550746668,0.10026570943140738,0.11466562349190568,0.013988555006335442,0.016185263933945884,LOW
flow_abnormal_vol_SPY,XLK,0.04925793780929531,0.040055098566657565,0.037864871424739086,0.04047725501718169,0.17607632237024906,-0.018553420231403956,-0.01758655701833364,LOW
flow_abnormal_vol_SPY,XLF,0.08090020956265784,-0.01221992644861149,0.08844291718296905,0.1020528608474598,0.04384953422734386,0.00676490519154453,0.008466744934066265,LOW
flow_abnormal_vol_SPY,XLE,-0.10296958318728862,0.08736397541356412,-0.02297747857078985,-0.015257853118892196,-0.06916029306386279,0.004302822744186752,0.004258520169258935,LOW
flow_dv_zscore_SPY,SPY,0.09302567567234359,0.09800839473444829,0.046113360841072544,0.04866187197404224,0.16166588672292015,0.002713470830729224,-0.00015467151977953744,LOW
flow_dv_zscore_SPY,QQQ,0.08291518619978844,0.07393343989188206,0.03185191808995798,0.03329032587728823,0.1613938813413083,-0.005505567816884861,-0.010602800257837854,LOW
flow_dv_zscore_SPY,IWM,0.07321893978434701,-0.019588580042363517,0.09631200419003334,0.10439570266092668,0.12459930390020621,0.013061625511841195,0.013238179376540527,LOW
flow_dv_zscore_SPY,XLK,0.057173925372140666,0.06561355632658895,0.045203817018178105,0.04356612715729232,0.16690089352305468,-0.0076577789650202,-0.01528725869640584,LOW
flow_dv_zscore_SPY,XLF,0.08653884799470819,-0.007867139682663444,0.0907985334883305,0.10203880890637575,0.06193131132917039,0.008821034425904168,0.012612414722019625,LOW
flow_dv_zscore_SPY,XLE,-0.08611579189793284,0.1130201551596429,-0.0004994826330782694,0.00584433004177259,-0.056296339626504446,-0.0026009543711457937,-0.00064229817345203,LOW
flow_abnormal_vol_QQQ,SPY,0.040812310909140226,0.055150026639637174,-0.10127233939270067,-0.10338013055530716,0.04211330632778112,-0.010131124125066207,-0.010766217557579272,LOW
flow_abnormal_vol_QQQ,QQQ,0.028385019195727376,0.03035255285693865,-0.10368033111482992,-0.10665551027707873,0.0418921191559059,-0.01622782632256902,-0.01876650128364026,LOW
flow_abnormal_vol_QQQ,IWM,0.006975557193897804,-0.08224292750120203,-0.08294094352397134,-0.08333056552675618,-0.020118527076234644,-0.009394096774245613,-0.005979935807876983,LOW
flow_abnormal_vol_QQQ,XLK,-0.001966175081800675,0.01477421283120866,-0.10071409409690729,-0.10562844112875411,0.027506178616867258,-0.019831389397116185,-0.024947747042254314,LOW
flow_abnormal_vol_QQQ,XLF,0.010621885008565046,-0.1055964029992333,-0.04494577228190749,-0.03940675259641548,-0.010827934660212632,-0.007329957083048289,-0.003664665243302649,LOW
flow_abnormal_vol_QQQ,XLE,-0.11296271364982095,0.09251413200265098,0.10352448231371597,0.1104635863108545,0.03019698454248988,0.008102335532678903,0.008211740122487342,LOW
flow_dv_zscore_QQQ,SPY,0.03740466861788297,0.06722181071563162,-0.10423985385981273,-0.10415937456087684,0.02102667407613227,-0.013901302241086504,-0.008645877050550789,LOW
flow_dv_zscore_QQQ,QQQ,0.02234101573383897,0.04460021051810846,-0.11552228510111012,-0.11429082408247213,0.004333806174229679,-0.0251412476169037,-0.01844278458785487,LOW
flow_dv_zscore_QQQ,IWM,0.00228967918354666,-0.07785895286733462,-0.10257661501513779,-0.10012263512218803,-0.03427523727351165,-0.014154371253540451,-0.007114736643686843,LOW
flow_dv_zscore_QQQ,XLK,0.0016337943431165376,0.031907787870518366,-0.11337617046281986,-0.11410176160243227,-0.0072984454746201485,-0.031383465703801044,-0.023403803132460786,LOW
flow_dv_zscore_QQQ,XLF,0.007275885204344152,-0.09749795329616778,-0.044158863581201066,-0.040400608065814185,-0.00014294906479870773,-0.004900018826941202,0.002388781003998773,LOW
flow_dv_zscore_QQQ,XLE,-0.08826295386170434,0.11956960742271257,0.12483999948902033,0.1275980122890612,0.03748044047323087,0.02120105365970868,0.008867925218037486,LOW
flow_abnormal_vol_IWM,SPY,0.008193629040410889,-0.04930230140475355,-0.12298003346916876,-0.1222621070246931,-0.03099618315029029,-0.008364887951035007,-0.009008668344509786,LOW
flow_abnormal_vol_IWM,QQQ,8.383490441588028e-06,-0.06844333554247398,-0.13553480410316682,-0.1366001967271752,-0.05776823971571052,-0.021807006844752362,-0.02388701203277207,LOW
flow_abnormal_vol_IWM,IWM,0.034500035753121,-0.140303302015516,-0.06651039204915625,-0.0625847906899503,0.010848773782190962,-0.002033057058086745,-0.0011395335489736425,LOW
flow_abnormal_vol_IWM,XLK,-0.04290127946858534,-0.07227424531857107,-0.11320499227143241,-0.11689298808139907,-0.038987803629663226,-0.026953540602873506,-0.03120808873908978,LOW
flow_abnormal_vol_IWM,XLF,0.026060826183324594,-0.09571920522916587,0.01832756352116095,0.02373883828770711,0.020518126380134834,0.014181762774358042,0.014476884737764335,LOW
flow_abnormal_vol_IWM,XLE,-0.08575776718830994,0.16023131002040208,0.010702469309283225,0.017260893447963107,-0.03495488512891009,-0.01119482969195204,-0.010307315075612073,LOW
flow_dv_zscore_IWM,SPY,0.026845415833454563,-0.046231336010291994,-0.13010819994634715,-0.1272454363127707,-0.008423392462818624,-0.00644327033849079,-0.005036026511413008,LOW
flow_dv_zscore_IWM,QQQ,0.015975480756190832,-0.05902875781321066,-0.14650553774223632,-0.1440094020260344,-0.05069719658969598,-0.021184617398748544,-0.01973429869884633,LOW
flow_dv_zscore_IWM,IWM,0.06522799395402394,-0.13313113198965604,-0.09948391052745877,-0.09544078384282266,-0.0021307088226261675,-0.0009825602669970984,0.002402929424446424,LOW
flow_dv_zscore_IWM,XLK,-0.019019180932983853,-0.05433914207373332,-0.11824069697627779,-0.1183441703606239,-0.025604700136002696,-0.026734093894315736,-0.02579442711412784,LOW
flow_dv_zscore_IWM,XLF,0.03992169817996964,-0.0941764453627539,0.011341193904012468,0.01626320563099603,0.03879878913733348,0.019540434738434587,0.022238059696803748,LOW
flow_dv_zscore_IWM,XLE,-0.07933304829441576,0.15722895793536312,0.028221407493516946,0.03213678925920722,-0.028340840291893953,-0.016757672169583966,-0.013120644955883692,LOW
flow_abnormal_vol_XLK,SPY,0.06351085785298809,0.02157004925084142,-0.030700936370255873,-0.03697448933968652,0.1399189833433264,-0.0043186132104861465,0.002056755494796102,LOW
flow_abnormal_vol_XLK,QQQ,0.05099184089121434,0.006287993970345536,-0.021141784085537997,-0.02983482581980302,0.13193979321741423,-0.015061958928050253,-0.0063617322269971174,LOW
flow_abnormal_vol_XLK,IWM,0.04880029786048392,-0.004901173443530467,-0.04388293455627803,-0.04501858688570662,0.061064476974598214,-0.0007108931883716592,0.00721321014513987,LOW
flow_abnormal_vol_XLK,XLK,0.01811080508631296,-0.03020285109092563,-0.03268481496148491,-0.047162146625617976,0.0966843860136588,-0.023930780049556483,-0.01261293498219352,LOW
flow_abnormal_vol_XLK,XLF,-0.029789014616620094,-0.19659012644081453,-0.056087684112364436,-0.05152974540437655,-0.00112129100188648,-0.0037719322850433383,0.004330411162577326,LOW
flow_abnormal_vol_XLK,XLE,-0.05713748888572766,0.2109157537717828,0.08729449036164587,0.10408272760950933,0.11496760796127582,0.013011712220238343,0.0025449847611960785,LOW
flow_dv_zscore_XLK,SPY,0.0495074699365567,0.013926942419398854,-0.05319681659661987,-0.05569678466039014,0.1367353504628479,0.000345609279945841,-0.0020770906618051282,LOW
flow_dv_zscore_XLK,QQQ,0.0372369988090512,0.002770002469039544,-0.050236966824644555,-0.05472592327640169,0.1116702739064945,-0.009003724079002965,-0.013409189584647447,LOW
flow_dv_zscore_XLK,IWM,0.03351670163897237,-0.03494860499265785,-0.06126263077886077,-0.055422133084656565,0.05958745850455536,0.007200570329478566,0.006970224731770683,LOW
flow_dv_zscore_XLK,XLK,0.0073306226714238846,-0.023055631359401193,-0.058692403009670296,-0.06818640538572579,0.0769585118673316,-0.015977691636933057,-0.02193792913122639,LOW
flow_dv_zscore_XLK,XLF,-0.03266405940049744,-0.18442165997426999,-0.06933610965623843,-0.0607235472209093,0.0029295418317953786,-0.0009742927108609893,0.0027048535781857685,LOW
flow_dv_zscore_XLK,XLE,-0.047087153373172916,0.24039660572037477,0.11349497323743948,0.12573293647245185,0.10929900118453957,0.01577687778210338,0.011043025111300578,LOW
flow_abnormal_vol_XLF,SPY,0.08072956092701676,-0.0013831819422244747,-0.18246445497630334,-0.17997470650604874,-0.01758602535792107,-0.021101218734227555,-0.018091291706980994,LOW
flow_abnormal_vol_XLF,QQQ,0.05071469256014537,-0.01429080087845828,-0.21570240543682376,-0.2141745762062314,-0.08088942834998027,-0.03708877478430954,-0.0322307560585783,LOW
flow_abnormal_vol_XLF,IWM,0.07555744047105353,-0.11780021571608644,-0.18390797256039146,-0.17963235012327386,-0.10019522966906014,-0.027151620234476818,-0.025029338428685398,LOW
flow_abnormal_vol_XLF,XLK,0.036322705204421546,-0.06414876612997544,-0.22669868805968246,-0.22665014499048303,-0.11710891914420675,-0.05110891305075352,-0.044815324435911824,LOW
flow_abnormal_vol_XLF,XLF,0.08748914152790403,-0.1184135771185009,-0.07959274919840063,-0.06960565143521417,0.003408110440034505,-0.007187460675897612,-0.005593539039837535,LOW
flow_abnormal_vol_XLF,XLE,-0.1546504007066562,0.10777019739321403,0.2299101953219811,0.233883062301197,0.20450417513636832,0.02293928530199483,0.020481911283239618,LOW
flow_dv_zscore_XLF,SPY,0.10571532132192848,0.027752524268059724,-0.16560468057383015,-0.1622628734942068,-0.012477515684181276,-0.01956443977599992,-0.017093853596078682,LOW
flow_dv_zscore_XLF,QQQ,0.07577343863654856,0.014103673670942002,-0.19998722550810544,-0.19764949349139638,-0.06857533525394482,-0.03253841040504909,-0.030148816882565547,LOW
flow_dv_zscore_XLF,IWM,0.09290830680616136,-0.08515379517367744,-0.17087671337872537,-0.16607222697717197,-0.09063007268100791,-0.0265410628065552,-0.021586189922693455,LOW
flow_dv_zscore_XLF,XLK,0.060634827485026827,-0.03697789559861214,-0.21181385010411213,-0.21141400850781164,-0.10701218174639159,-0.04535649930109916,-0.042691326357429955,LOW
flow_dv_zscore_XLF,XLF,0.09710944575498454,-0.10585006432497758,-0.08365376017168918,-0.07230617902172942,-0.002323013702636691,-0.006651133600569188,-0.003834093027363451,LOW
flow_dv_zscore_XLF,XLE,-0.16443838202428065,0.09480124231673878,0.24279582529604887,0.24580932793398147,0.19586800427019205,0.025135519254403507,0.02274366483883415,LOW
flow_abnormal_vol_XLE,SPY,0.11247537349682783,0.12132860317336557,-0.11377601205912034,-0.10934965061764669,0.05698403065178924,-0.007771217466121166,-0.011903989692760516,LOW
flow_abnormal_vol_XLE,QQQ,0.08241316306628627,0.08099125440203761,-0.1529349395127809,-0.1500044710721631,-0.005492753835129646,-0.016153814330083567,-0.02422455133743708,LOW
flow_abnormal_vol_XLE,IWM,0.11938534220668261,0.06952243577248451,0.024382672679194185,0.03118892196062902,0.16994925490998966,0.00034541340117171665,-0.003914113379311839,LOW
flow_abnormal_vol_XLE,XLK,0.09194371225888216,0.0915213182072174,-0.12131168482773598,-0.12199767504247519,0.024625261403021303,-0.01713777257343431,-0.02959060702625549,LOW
flow_abnormal_vol_XLE,XLF,0.05360750312716762,-0.017413746052785468,-0.05406931439302001,-0.04617978819892439,0.02850535967593338,-0.0025145384634899133,-0.0033706591799903857,LOW
flow_abnormal_vol_XLE,XLE,-0.05447350888382281,0.07731316517874547,0.19639887073491655,0.2031910680752673,0.0809665696611632,0.035121581040161186,0.035944122030955546,LOW
flow_dv_zscore_XLE,SPY,0.11750744034776689,0.14847348381479605,-0.07529285522668336,-0.06895159745021143,0.04951923779997367,-0.0008250098383505364,-0.0005364975518160967,LOW
flow_dv_zscore_XLE,QQQ,0.08585236673332362,0.10869335828362765,-0.10889871105376785,-0.10479554425722717,0.004971775785671446,-0.0069497372577278504,-0.00722214547490755,LOW
flow_dv_zscore_XLE,IWM,0.1360132557778276,0.0982963627149039,0.05285701511222392,0.060816801011739766,0.15758580599874236,0.008245679110013573,0.010017752163036596,LOW
flow_dv_zscore_XLE,XLK,0.09430292509844435,0.11728249710862475,-0.08042692351911702,-0.0789323079674506,0.02688246735204224,-0.00695229192659446,-0.007410872266651686,LOW
flow_dv_zscore_XLE,XLF,0.06628580953346312,-0.010889244084051305,-0.03427140685479235,-0.025482556431317947,0.01181761015486758,0.005831870033925619,0.00770332143228543,LOW
flow_dv_zscore_XLE,XLE,-0.05316962826089863,0.08563720712642782,0.133297990572425,0.13739093777545,0.037924642810137334,0.014902225358933732,0.016801582971922285,LOW
flow_breadth_thrust,SPY,0.027205387870205013,-0.027928899982429537,0.024298845315938046,0.020302348117043383,-0.08485100481161653,0.00802813048695063,0.006770018074917148,LOW
flow_breadth_thrust,QQQ,0.0373633789433889,-0.011672339976569013,0.02411287595634673,0.022678327937488748,-0.07944274021208816,0.013135852301144363,0.010506090888382325,LOW
flow_breadth_thrust,IWM,-0.0935018577518806,-0.05587209629391771,-0.056644195124325836,-0.06778841056418423,-0.14920686367415303,0.0014020833287431839,-0.002022858825036982,LOW
flow_breadth_thrust,XLK,0.0505338552039916,-7.148164529323828e-05,0.03217516564642756,0.035280193510685245,-0.05951066820904884,0.01909817359285906,0.016436111476901702,LOW
flow_breadth_thrust,XLF,-0.04518497725407792,-0.04666158418124782,-0.01774157556249676,-0.029991690481532895,-0.06483966811052011,0.005355061044162944,0.005057283708881028,LOW
flow_breadth_thrust,XLE,0.016836847132790298,0.017845903330637607,-0.03584325094595283,-0.03873221898663325,-0.01702846335450069,-0.0026291616970906193,-0.009792202734600571,LOW
flow_pressure_factor,SPY,0.018223283326800413,0.05185337712389365,-0.1323263984568752,-0.13155139156792503,0.0037299923379389916,-0.015087757309106277,-0.015427412712866271,LOW
flow_pressure_factor,QQQ,-0.016683889819335065,0.010348436958409262,-0.1319940066133921,-0.13145666850372004,-0.013306305623615977,-0.026550299521119616,-0.02824931067041781,LOW
flow_pressure_factor,IWM,-0.006031234916243647,-0.0793878930769046,-0.0950192890603472,-0.09240321025075776,0.003961117145334977,-0.01736533781581671,-0.015108068167439526,LOW
flow_pressure_factor,XLK,-0.03202081031963795,-0.017359044844141983,-0.11424634885643427,-0.11477852025351336,-0.005117162174678149,-0.03569331206500287,-0.038220520051716264,LOW
flow_pressure_factor,XLF,-0.026822774349524833,-0.0850477200424178,-0.08597754202259575,-0.08268634610085422,-0.05548931942374566,-0.00798193585934262,-0.005924071531625812,LOW
flow_pressure_factor,XLE,0.10949209666842799,0.24678177132130125,0.1368627721135299,0.143820611738771,0.12806671886971974,0.01545820206046675,0.016626979594408432,LOW
sentiment_fear_greed_proxy,SPY,-0.0671200023982493,-0.08203223767383061,-0.04442018445510588,-0.046034733537851515,0.025745562141065676,-0.021320856951158946,-0.023153330285164673,LOW
sentiment_fear_greed_proxy,QQQ,-0.08280355340601363,-0.12792246101980617,-0.04463787646626259,-0.045047344772962135,-0.012757038838971101,-0.035837774647718645,-0.03777403263527836,LOW
sentiment_fear_greed_proxy,IWM,0.008141057028369293,0.054045512010113796,-0.012265260307166018,-0.014190797977278395,0.14936746594436648,-0.015909352882508818,-0.01906520169913413,LOW
sentiment_fear_greed_proxy,XLK,-0.07704375805661869,-0.11987252423093132,-0.07432951184510177,-0.07348077215874671,-0.029542790583845062,-0.051497654896292086,-0.05431191859726263,LOW
sentiment_fear_greed_proxy,XLF,-0.039594605836392134,-0.050720606826801524,-0.21093513620328283,-0.2162621115477189,-0.16019313679848526,-0.032728988007388396,-0.03683280396344907,LOW
sentiment_fear_greed_proxy,XLE,9.992715310543608e-06,-0.01515170670037927,0.14745847816438984,0.14613548088230052,0.30471893406741024,0.03842037576468106,0.0434072081780653,LOW
sentiment_news_placeholder,SPY,,,,,,,,HIGH
sentiment_news_placeholder,QQQ,,,,,,,,HIGH
sentiment_news_placeholder,IWM,,,,,,,,HIGH
sentiment_news_placeholder,XLK,,,,,,,,HIGH
sentiment_news_placeholder,XLF,,,,,,,,HIGH
sentiment_news_placeholder,XLE,,,,,,,,HIGH
sentiment_social_placeholder,SPY,,,,,,,,HIGH
sentiment_social_placeholder,QQQ,,,,,,,,HIGH
sentiment_social_placeholder,IWM,,,,,,,,HIGH
sentiment_social_placeholder,XLK,,,,,,,,HIGH
sentiment_social_placeholder,XLF,,,,,,,,HIGH
sentiment_social_placeholder,XLE,,,,,,,,HIGH
