signal,target,horizon,ic_spearman,pearson,quintile_spread,quantile_means,hit_ratio,n_obs,ic_neutral
volume_zscore_20d,SPY,1,0.03232240591322011,0.04016317798109563,0.0007488413020116658,"{1: -0.0001542071225486448, 2: 0.001482375672505883, 3: 0.00028209500507822327, 4: 0.0013608108158499183, 5: 0.000594634179463021}",0.5083333333333333,480,0.0037987171325716534
volume_zscore_20d,SPY,5,0.04646766750394299,0.061195241340621445,0.0029045901495485665,"{1: 0.0016129486027774767, 2: 0.005447234878091794, 3: 0.0049718376574469526, 4: 0.0018786721306915885, 5: 0.004517538752326043}",0.47689075630252103,476,0.02860595235972004
volume_zscore_20d,SPY,10,0.0923866630221816,0.09446675005372641,0.007965733996559173,"{1: 0.0023227045382300717, 2: 0.009894131767476328, 3: 0.0071609411085203556, 4: 0.006965427071465966, 5: 0.010288438534789245}",0.5010615711252654,471,0.06658278147875628
volume_zscore_20d,SPY,20,0.12546914558609362,0.13105559520763035,0.012886211674454707,"{1: 0.004778711697384223, 2: 0.016216046683805913, 3: 0.016078354287025514, 4: 0.014025716615096717, 5: 0.01766492337183893}",0.4880694143167028,461,0.08097604749085387
dollar_volume_zscore,SPY,1,0.027584321112504823,0.039211802608741145,0.0004483676703250702,"{1: -9.212399049007373e-05, 2: 0.0017887613917333806, 3: 0.00012884101184200644, 4: 0.001383986457428091, 5: 0.00035624367983499647}",0.5104166666666666,480,0.001194513625968076
dollar_volume_zscore,SPY,5,0.04128645698597215,0.057326730067126005,0.0018945190656688385,"{1: 0.0017390880891878398, 2: 0.005880341751420683, 3: 0.003773490508158595, 4: 0.003400376733642581, 5: 0.0036336071548566783}",0.4831932773109244,476,0.027630496097920166
dollar_volume_zscore,SPY,10,0.08890805561361721,0.09246325046826316,0.007220693036577581,"{1: 0.0015369797392953504, 2: 0.011985589776244204, 3: 0.00597848971005257, 4: 0.008381269793473665, 5: 0.008757672775872931}",0.4989384288747346,471,0.0682012256850651
dollar_volume_zscore,SPY,20,0.12163624360172509,0.12847708849027833,0.012900379315400551,"{1: 0.004794290124836497, 2: 0.01892300494282511, 3: 0.014562910321399034, 4: 0.012788708495120432, 5: 0.017694669440237048}",0.48156182212581344,461,0.08283542035575878
return_3d_extension,SPY,1,0.0029215370423911996,-0.07194321176556207,-0.0003934114756893377,"{1: 0.0017000154372118826, 2: -0.00023941592038921304, 3: 5.317045185582854e-05, 4: 0.0009795779503900099, 5: 0.001306603961522545}",0.5161290322580645,496,0.022583951623811344
return_3d_extension,SPY,5,-0.024322130209400234,-0.08091028346665495,-1.8995707053155557e-05,"{1: 0.006510796891018488, 2: 0.0019302326773436098, 3: 0.002017965658395955, 4: 0.0026672526266956803, 5: 0.006491801183965333}",0.5040650406504065,492,-0.06807250250329314
return_3d_extension,SPY,10,-0.041767808809246854,-0.041452729875007206,-0.0004735009630909264,"{1: 0.012958282351066788, 2: 0.005734406923277252, 3: 0.004840931620538802, 4: 0.0026825092759917768, 5: 0.012484781387975862}",0.5359342915811088,487,-0.0730163934965934
return_3d_extension,SPY,20,0.011478247255324328,-0.03477141806722143,-0.001517105358171074,"{1: 0.02519375320001466, 2: 0.006078391136977509, 3: 0.00932384802087771, 4: 0.008584941657744895, 5: 0.023676647841843586}",0.5681341719077568,477,0.007164481033664242
distance_from_sma20,SPY,1,-0.037378959978124904,-0.04698922402605473,-0.0011024866935114342,"{1: 0.002107345546414461, 2: 0.0002502638336948475, 3: -0.0003207173116294461, 4: 0.0005239576289655113, 5: 0.0010048588529030268}",0.51875,480,-0.06329842613584892
distance_from_sma20,SPY,5,-0.03556071087819438,-0.06851664589195124,-0.0005773171602013408,"{1: 0.005553263250308658, 2: 0.0038245147585615484, 3: 0.00186478167242181, 4: 0.0021682492536447195, 5: 0.004975946090107317}",0.5630252100840336,476,-0.0858846115627938
distance_from_sma20,SPY,10,-0.008659595140584482,-0.06171945901679011,0.001596973900674847,"{1: 0.012282698508670743, 2: 0.003953433663732125, 3: 0.0027232471222099143, 4: 0.0036866339338593322, 5: 0.01387967240934559}",0.5859872611464968,471,-0.05700406750979841
distance_from_sma20,SPY,20,-0.0169997219605821,-0.07157558004510174,-0.004990007912504233,"{1: 0.0263448724393385, 2: 0.009521521913305974, 3: 0.0015213363070291123, 4: 0.009786742677970025, 5: 0.02135486452683427}",0.6030368763557483,461,-0.054794657560684246
intraday_range_expansion,SPY,1,0.022361859209458372,0.0892643486422866,-0.0006113401962835491,"{1: 0.000946917087266889, 2: 0.0012930490788551248, 3: -0.0013210185576898262, 4: 0.0023111840509328734, 5: 0.0003355768909833398}",0.56875,480,0.015143618361210693
intraday_range_expansion,SPY,5,0.006058765114784742,0.015480530378671954,-0.004141876279138456,"{1: 0.006122185252676854, 2: 0.0018167332245443996, 3: 0.0032764471594542567, 4: 0.005185091762173639, 5: 0.001980308973538397}",0.6092436974789915,476,-0.01957486056720928
intraday_range_expansion,SPY,10,0.03784606338188309,0.0722473176336935,0.0006119038912223967,"{1: 0.008300641989261445, 2: 0.004184271478653186, 3: 0.006091323104419826, 4: 0.009079265488397378, 5: 0.008912545880483841}",0.6411889596602972,471,0.029317214735216805
intraday_range_expansion,SPY,20,0.002463772198752865,0.05531287810590962,-0.0011257351034677787,"{1: 0.014235107994698053, 2: 0.011962176500471789, 3: 0.014249270084792032, 4: 0.015105038267683994, 5: 0.013109372891230275}",0.7071583514099783,461,0.029671640865913562
realized_volatility_10d,SPY,1,0.07422604765530874,0.0884359898520401,0.002809802017817544,"{1: -7.821144524453436e-05, 2: 0.001190044692327668, 3: 0.000995362888031835, 4: -0.0010744840345380076, 5: 0.0027315905725730097}",0.5725971370143149,489,0.047544645350070906
realized_volatility_10d,SPY,5,0.13264383920428904,0.18371305097038385,0.00635199603532229,"{1: 0.0024275729535650084, 2: 0.0035902118726160543, 3: 8.769911938313175e-05, 4: 0.00427287284470681, 5: 0.008779568988887298}",0.6144329896907217,485,0.04342137111671079
realized_volatility_10d,SPY,10,0.179223325622073,0.2877794823288011,0.012436842978227964,"{1: 0.00604009726924331, 2: 0.005670297737718693, 3: -0.005396285300794929, 4: 0.012536134957459233, 5: 0.018476940247471273}",0.6479166666666667,480,0.05484557125384982
realized_volatility_10d,SPY,20,0.2575365289210348,0.3954476667304976,0.021812456318688965,"{1: 0.005058388360567448, 2: 0.007918335981854756, 3: 0.006260296481359824, 4: 0.025066899465902907, 5: 0.026870844679256413}",0.7127659574468085,470,0.0798318830534906
volatility_of_volume,SPY,1,0.051798333347891794,0.04835764898473045,0.0006272024615529177,"{1: 0.00033734911392601513, 2: 0.0001674543425745946, 3: 0.000395245467637017, 4: 0.0017335223903777997, 5: 0.0009645515754789329}",0.569937369519833,479,0.05277427216693904
volatility_of_volume,SPY,5,0.04774564855922382,0.04566242111890525,0.0007704704943077285,"{1: 0.0026274420812422254, 2: 0.004423847781450377, 3: -0.00034602667310130845, 4: 0.008365451131193895, 5: 0.003397912575549954}",0.6105263157894737,475,0.051255595783766435
volatility_of_volume,SPY,10,0.002935374431734615,-0.014493397857902818,-0.004706905273088511,"{1: 0.010057127893995139, 2: 0.005965994237811909, 3: 0.003146500761665635, 4: 0.012044396170728501, 5: 0.005350222620906628}",0.6404255319148936,470,0.012651453422815259
volatility_of_volume,SPY,20,-0.13240524478520388,-0.1423907928692091,-0.020277588249927737,"{1: 0.021954677014330227, 2: 0.014850552569142835, 3: 0.017027965059695446, 4: 0.013187441721944183, 5: 0.0016770887644024898}",0.7065217391304348,460,-0.08918129272831517
gap_extension,SPY,1,0.0426312518316153,-0.07246186811589418,-6.202202818052292e-05,"{1: 0.0006595518515657394, 2: 0.0014925663945904797, 3: 0.0008159581526281053, 4: 0.00024485539160985683, 5: 0.0005975298233852165}",0.5342741935483871,496,0.12972571852612952
gap_extension,SPY,5,0.010798740863973831,-0.0803893201091426,0.0006191399656519086,"{1: 0.005829513873626686, 2: 0.002336177273125414, 3: 0.0030192439510046414, 4: 0.0019918522469355507, 5: 0.006448653839278595}",0.5264227642276422,492,0.0654867854149097
gap_extension,SPY,10,-0.003831765136620334,-0.024863605920127818,0.004837190316233973,"{1: 0.009313301421430949, 2: 0.007042678452741787, 3: 0.005971627455106845, 4: 0.0022432173432456377, 5: 0.014150491737664922}",0.5379876796714579,487,0.0618296386648823
gap_extension,SPY,20,0.052306894179476475,0.0004425214970598671,0.011388645091372824,"{1: 0.015456479766680612, 2: 0.01414295198571598, 3: 0.008898532272168365, 4: 0.00758363820028338, 5: 0.026845124858053435}",0.5744234800838575,477,0.14918695579287833
exhaustion_composite,SPY,1,0.038583916226627456,0.1154184706746528,0.002336827194936977,"{1: -0.0009052509575296253, 2: 0.001650695254096979, 3: 0.0005894377610548118, 4: 0.001001350172827984, 5: 0.0014315762374073515}",0.474,500,0.04415704640187825
exhaustion_composite,SPY,5,0.009502515002096498,0.05444122881456294,0.0028755185612287103,"{1: 2.073496404517372e-05, 2: 0.004513876795401492, 3: 0.007873434912699564, 4: 0.004031389406292889, 5: 0.002896253525273884}",0.41330645161290325,496,-0.0502569538043686
exhaustion_composite,SPY,10,0.12257620578807632,0.16027853435853406,0.012900542069977388,"{1: -0.0005101181753870824, 2: 0.006267242326474903, 3: 0.011633673485371232, 4: 0.0090702258243485, 5: 0.012390423894590306}",0.4215885947046843,491,0.06275421936240015
exhaustion_composite,SPY,20,0.13181145930622107,0.1828716473370206,0.019163771632317375,"{1: 0.00412066538583811, 2: 0.012867212088331928, 3: 0.018147015644545923, 4: 0.015504405895873227, 5: 0.023284437018155486}",0.4594594594594595,481,0.0954653221818858
volume_zscore_20d,QQQ,1,0.0017430631209336843,0.0214315318258141,0.0007360785637450066,"{1: 0.0007910220835620705, 2: 0.0020679813163527565, 3: 0.00114897989694089, 4: -0.001119534952276403, 5: 0.001527100647307077}",0.47291666666666665,480,-0.022855838113993773
volume_zscore_20d,QQQ,5,-0.016890839751988185,0.003472910124814957,-0.0005899029607473014,"{1: 0.003949036228782076, 2: 0.007945194069545055, 3: 0.005304285480746994, 4: 0.002628182231736456, 5: 0.0033591332680347748}",0.45588235294117646,476,-0.013251911547761305
volume_zscore_20d,QQQ,10,0.02629254802336452,0.028004661901454262,0.0029860783247884016,"{1: 0.006718385237652671, 2: 0.01146730692064776, 3: 0.00782720825479913, 4: 0.010334644819127969, 5: 0.009704463562441073}",0.5095541401273885,471,0.060828547301468174
volume_zscore_20d,QQQ,20,-0.01359747486315439,-0.009625856646702307,0.0019406953153373284,"{1: 0.015792500699084354, 2: 0.026109978179927305, 3: 0.011043482645191451, 4: 0.013312773372976766, 5: 0.017733196014421682}",0.4642082429501085,461,0.02776549841307407
dollar_volume_zscore,QQQ,1,-0.004109826865567993,0.01898696644112126,0.000667332367961721,"{1: 0.0005331341443710244, 2: 0.0019550196277845905, 3: 0.001632044841355024, 4: -0.0009051161339569935, 5: 0.0012004665123327453}",0.4791666666666667,480,-0.0276913474078955
dollar_volume_zscore,QQQ,5,-0.022413414223683512,-0.004440881360494354,-0.0008450974276844503,"{1: 0.003565759604416707, 2: 0.010451448738136084, 3: 0.0022000513132883807, 4: 0.0042519439370547205, 5: 0.002720662176732257}",0.4579831932773109,476,-0.01865112629082024
dollar_volume_zscore,QQQ,10,0.023506469343831903,0.020575700423671163,0.004475108626638452,"{1: 0.005702815829471121, 2: 0.016182864957849926, 3: 0.004349857913669627, 4: 0.009649349567442629, 5: 0.010177924456109573}",0.5095541401273885,471,0.05416685185276636
dollar_volume_zscore,QQQ,20,-0.016457606337828917,-0.01846395756521478,-0.0019869496983009986,"{1: 0.01826538853415483, 2: 0.027099672967689423, 3: 0.006805131065184674, 4: 0.015516420293120208, 5: 0.01627843883585383}",0.4685466377440347,461,0.022326843348646142
return_3d_extension,QQQ,1,-0.007584509992506357,-0.0490879894019026,0.0008179378770556589,"{1: 0.002331948872332661, 2: 0.001134944131721575, 3: -0.0007207867066158587, 4: -0.0010483934430435147, 5: 0.00314988674938832}",0.5262096774193549,496,-0.013010221492558795
return_3d_extension,QQQ,5,-0.01515025870608367,-0.0436597725882038,0.0008667148475588696,"{1: 0.008717409661396974, 2: 0.0024796969225819128, 3: 0.003766044465551364, 4: 0.000567215416358487, 5: 0.009584124508955844}",0.5121951219512195,492,-0.10054830400297593
return_3d_extension,QQQ,10,-0.019032177227215435,-0.014637996698200793,-0.0022297177411034746,"{1: 0.016667848469489963, 2: 0.002329723777673501, 3: 0.014457369575355272, 4: 0.0019200700292186022, 5: 0.014438130728386489}",0.5318275154004107,487,-0.12604447429370025
return_3d_extension,QQQ,20,-0.014314638778855663,-0.015165532614516579,-0.0011185908905096027,"{1: 0.031230096513030676, 2: 0.005606933462387396, 3: 0.01926869038201602, 4: 0.004378309563821371, 5: 0.030111505622521073}",0.5345911949685535,477,-0.12412127410500336
distance_from_sma20,QQQ,1,-0.030296680975177837,-0.024368077291585334,0.00023824153469605733,"{1: 0.0015315821358274848, 2: 0.0008923843460536251, 3: -6.552595104126803e-06, 4: 0.0002283114345858657, 5: 0.001769823670523542}",0.5229166666666667,480,-0.07026236860163974
distance_from_sma20,QQQ,5,-0.022739200943535307,-0.027665592300373108,0.0034333451825072194,"{1: 0.006165795341329306, 2: 0.00560329277529581, 3: 0.003936516163249483, 4: -0.002142247831313634, 5: 0.009599140523836525}",0.5441176470588235,476,-0.11490026319611296
distance_from_sma20,QQQ,10,-0.01028709507741851,-0.02616936330063969,0.002470043258588869,"{1: 0.014821179631760757, 2: 0.00867114118332457, 3: 0.0048167869326807495, 4: 0.00036547821619005465, 5: 0.017291222890349626}",0.5435244161358811,471,-0.15199093987295412
distance_from_sma20,QQQ,20,-0.002000046544043526,-0.03849108678583749,-0.0028130537484712045,"{1: 0.02995130491780421, 2: 0.020821742086957327, 3: 0.002551635881297552, 4: 0.003375096810353814, 5: 0.027138251169333005}",0.559652928416486,461,-0.14873306539430844
intraday_range_expansion,QQQ,1,0.010704690558552771,0.06530154191932604,-0.0007416027724265681,"{1: 0.0016101449752048344, 2: 0.0018714807902156481, 3: -0.0005291502622729397, 4: 0.0005945312859605816, 5: 0.0008685422027782663}",0.5770833333333333,480,-0.00252317115695085
intraday_range_expansion,QQQ,5,-0.026204356618516323,0.0009001720988034966,-0.0023764249083378626,"{1: 0.007350429370473221, 2: 0.0054736774104377104, 3: 0.0019133005157125566, 4: 0.0034386153817529174, 5: 0.004974004462135358}",0.5903361344537815,476,-0.020950079366494855
intraday_range_expansion,QQQ,10,0.02671621941331447,0.055291530676573324,0.0008549267122079773,"{1: 0.012175927007748624, 2: 0.005262472169436854, 3: 0.008684397299021636, 4: 0.006840299643503869, 5: 0.013030853719956602}",0.6242038216560509,471,0.06953285366018269
intraday_range_expansion,QQQ,20,-0.028793615137102834,0.024906439728383155,-0.004712179711461902,"{1: 0.02009759522918797, 2: 0.02015487819600311, 3: 0.017528958003663598, 4: 0.010778289459258815, 5: 0.015385415517726068}",0.6811279826464208,461,0.08241886110418489
realized_volatility_10d,QQQ,1,0.030661197396589138,0.07148541507228379,0.0034321357888992153,"{1: 6.237896483905005e-05, 2: 0.0016350806745882047, 3: 0.0006832668336529447, 4: -0.0010741576240171277, 5: 0.003494514753738265}",0.5807770961145194,489,0.012365189098232797
realized_volatility_10d,QQQ,5,0.05335401289790544,0.15196299220808843,0.007068983079910904,"{1: 0.004895260124852935, 2: 0.0063710182282998825, 3: 0.0005128142723778402, 4: 0.000760241949844755, 5: 0.011964243204763839}",0.5938144329896907,485,0.017778731817683822
realized_volatility_10d,QQQ,10,0.07970618362058862,0.23743190727758498,0.015288392083477457,"{1: 0.009980767687800098, 2: 0.009242518498766157, 3: -0.0014595695980248204, 4: 0.004193621827316239, 5: 0.025269159771277555}",0.63125,480,0.03298340567936962
realized_volatility_10d,QQQ,20,0.11480045805086818,0.3447227430626636,0.02743868292866213,"{1: 0.009938504312640584, 2: 0.010314517174273731, 3: 0.015704316456761864, 4: 0.014149154959568895, 5: 0.03737718724130271}",0.6851063829787234,470,0.04019775646850167
volatility_of_volume,QQQ,1,-0.01986879918938514,-0.015360044455050854,-0.0011908768246450701,"{1: 0.0013501932679206932, 2: 0.0008300029244924222, 3: 0.0013264004534205666, 4: 0.0008437449166637523, 5: 0.000159316443275623}",0.5782881002087683,479,-0.021556838671168737
volatility_of_volume,QQQ,5,-0.027446912142605213,-0.07024566148104185,-0.0025374306562486928,"{1: 0.0027714082832888637, 2: 0.0070949919236405696, 3: 0.007744649280546601, 4: 0.005470809535777745, 5: 0.00023397762704017107}",0.5915789473684211,475,0.007425162363720213
volatility_of_volume,QQQ,10,-0.09580319416219198,-0.14896197565780767,-0.010765125474153266,"{1: 0.009709198661213597, 2: 0.019543690590525544, 3: 0.010089064047653227, 4: 0.007692518193857964, 5: -0.0010559268129396685}",0.6234042553191489,470,-0.06325081440731395
volatility_of_volume,QQQ,20,-0.31792851819592316,-0.3625662943045468,-0.045510718586996984,"{1: 0.04045040040012829, 2: 0.03694112591885762, 3: 0.007476686876942204, 4: 0.004466759525106398, 5: -0.005060318186868692}",0.6826086956521739,460,-0.15466308287655506
gap_extension,QQQ,1,0.012143142333964687,-0.07646333236033041,-0.0002656909281194791,"{1: 0.0005409771175608124, 2: 0.0023898546041043233, 3: 0.0003911736573429029, 4: 0.0012683986591193847, 5: 0.0002752861894413333}",0.5362903225806451,496,0.057572305550281616
gap_extension,QQQ,5,-0.030458105897245256,-0.1158097944465199,-0.0036601123500406138,"{1: 0.008300680751398339, 2: 0.006275142295174581, 3: 0.0019580497293363295, 4: 0.003994746583471453, 5: 0.004640568401357725}",0.5020325203252033,492,-0.0004093170914409032
gap_extension,QQQ,10,-0.018300753823245718,-0.054345574041956016,0.002491970213244963,"{1: 0.013101569803320216, 2: 0.00910029409330283, 3: 0.006329684983899254, 4: 0.00571290800652079, 5: 0.01559354001656518}",0.5051334702258727,487,-0.010475310989190072
gap_extension,QQQ,20,0.015897635599593903,-0.014069524814849483,0.011968203844261664,"{1: 0.01987816564002328, 2: 0.019115023188408065, 3: 0.00791703668096228, 4: 0.011940172834426851, 5: 0.031846369484284945}",0.5576519916142557,477,0.030095525474633837
exhaustion_composite,QQQ,1,0.046018356356810355,0.09691372995280831,0.0015848456308716163,"{1: 0.0010963321759862488, 2: 0.00010219397841175426, 3: 0.00026321329534881977, 4: 0.0007466939755824553, 5: 0.002681177806857865}",0.47,500,0.06969712763277579
exhaustion_composite,QQQ,5,0.005160480710293799,0.01744494622429828,0.002331013158722339,"{1: 0.0004974054142690487, 2: 0.005188840105009207, 3: 0.009548736772442641, 4: 0.006939454116537018, 5: 0.0028284185729913875}",0.4112903225806452,496,-0.01960938435550075
exhaustion_composite,QQQ,10,0.07954938441263514,0.11760359058389509,0.009093605684874526,"{1: 0.005453425068561247, 2: 0.0043249092087679466, 3: 0.011798957314553972, 4: 0.013983926834756659, 5: 0.014547030753435773}",0.45621181262729127,491,0.061631580073646455
exhaustion_composite,QQQ,20,0.0329773037820546,0.10142730719377197,0.014570525090436536,"{1: 0.012115617865041098, 2: 0.018107752631630433, 3: 0.018067850292841078, 4: 0.01751046112059487, 5: 0.026686142955477634}",0.41995841995842,481,0.09957428405199313
volume_zscore_20d,XLK,1,-0.015003211819495743,0.02042740369591041,-0.0003209194916601252,"{1: 0.0014784965983916099, 2: -0.0002490967460084074, 3: 0.002234387991994854, 4: 0.0003966573564569721, 5: 0.0011575771067314847}",0.4791666666666667,480,-0.01503267973856209
volume_zscore_20d,XLK,5,0.0018449008203082623,0.030414208407875377,0.003598875546956751,"{1: 0.002831121340191102, 2: 0.010384560771045093, 3: 0.0032923354230057823, 4: 0.003840273096042516, 5: 0.006429996887147853}",0.5084033613445378,476,-6.127653936603624e-05
volume_zscore_20d,XLK,10,0.08199402335073652,0.08302722518133088,0.01123837864825458,"{1: 0.004373840080197897, 2: 0.009000572533749609, 3: 0.010052001910740068, 4: 0.014140909840237088, 5: 0.015612218728452478}",0.554140127388535,471,0.08600371689078301
volume_zscore_20d,XLK,20,0.033184065769183195,0.011755787784231662,0.003647131208704888,"{1: 0.018439075347207647, 2: 0.02586754726890828, 3: 0.015101851819686828, 4: 0.014448631288102852, 5: 0.022086206555912535}",0.5119305856832972,461,0.07090170920304341
dollar_volume_zscore,XLK,1,-0.01946416868128768,0.02415884324999629,0.00017319635646451353,"{1: 0.0017132132604564011, 2: 0.0001192882540157203, 3: 0.0009118302217731253, 4: 0.0003872809544003518, 5: 0.0018864096169209147}",0.48333333333333334,480,-0.017953194821375165
dollar_volume_zscore,XLK,5,0.007252203761345651,0.032942468002126156,0.0030700834728899246,"{1: 0.0031510322241408914, 2: 0.009958610911484792, 3: 0.0031337958095381297, 4: 0.004310365392248773, 5: 0.006221115697030816}",0.5126050420168067,476,-0.00495295337632458
dollar_volume_zscore,XLK,10,0.09546720997057614,0.09252529546016812,0.012678431938260721,"{1: 0.0034836127470173044, 2: 0.009520872220824298, 3: 0.010631593892468122, 4: 0.013390890051333863, 5: 0.016162044685278026}",0.554140127388535,471,0.08535094000464202
dollar_volume_zscore,XLK,20,0.04198395210372953,0.01337762544268743,0.006689288278668309,"{1: 0.016163734662759655, 2: 0.02810593175791602, 3: 0.015931663509342008, 4: 0.012913691372333889, 5: 0.022853022941427964}",0.5075921908893709,461,0.07160916965668022
return_3d_extension,XLK,1,0.02014127777417191,-0.024528569139211504,0.002157158794831841,"{1: 0.002091323435077461, 2: 0.0013021658788366806, 3: -0.0011712693633065582, 4: -0.0008805218732012761, 5: 0.004248482229909302}",0.5181451612903226,496,-0.028878415488719375
return_3d_extension,XLK,5,-0.02104954938660899,-0.05411569870055245,-0.0011251266445178043,"{1: 0.011214429689636969, 2: 0.0020409350162118004, 3: 0.0023277668416275712, 4: 0.0035521442134364813, 5: 0.010089303045119164}",0.5060975609756098,492,-0.13820993520738478
return_3d_extension,XLK,10,-0.019559550124736782,-0.016084697874020018,-0.0029320305893743015,"{1: 0.02078792184613472, 2: 0.005036835251543947, 3: 0.007948464578568029, 4: 0.006416429523977493, 5: 0.017855891256760417}",0.5133470225872689,487,-0.1535436718206016
return_3d_extension,XLK,20,0.01587353185530942,0.0018928027739708955,-0.0023228059909590273,"{1: 0.03649094304882472, 2: 0.008177528772812241, 3: 0.011879791841402301, 4: 0.012264057643604947, 5: 0.03416813705786569}",0.5220125786163522,477,-0.1412496495802711
distance_from_sma20,XLK,1,-0.019351429476690434,-0.014929084418850842,-0.0005364126135766179,"{1: 0.002537621074215285, 2: -0.0004599492988865833, 3: 0.0010290705503499334, 4: -8.992847875078855e-05, 5: 0.002001208460638667}",0.5145833333333333,480,-0.0781879032228042
distance_from_sma20,XLK,5,0.0052990411656221575,-0.02014754439117386,0.001642311353137551,"{1: 0.010583346641907562, 2: 0.0007708368750711605, 3: 0.00423163534749565, 4: -0.0011147917136841567, 5: 0.012225657995045113}",0.5462184873949579,476,-0.12392167304061578
distance_from_sma20,XLK,10,0.04874184871864958,0.005540737111019852,0.007191248626324177,"{1: 0.019817543687397954, 2: 0.0034120861393264167, 3: 0.002165896356414042, 4: 0.0006109298772910602, 5: 0.027008792313722132}",0.5498938428874734,471,-0.14194907958393213
distance_from_sma20,XLK,20,0.06095812138441584,-0.0004864853952953042,0.009271146633283819,"{1: 0.031191055429379656, 2: 0.021768336584415345, 3: -0.001219908588389335, 4: 0.0036030183125949633, 5: 0.040462202062663474}",0.544468546637744,461,-0.1036705674193471
intraday_range_expansion,XLK,1,-0.05045725024848197,0.033319740186829254,-0.002683550448757153,"{1: 0.003069440217724033, 2: 0.0018568216383700678, 3: -0.0013800474657783071, 4: 0.0010859181482838394, 5: 0.0003858897689668801}",0.59375,480,-0.04023485731233193
intraday_range_expansion,XLK,5,-0.036592257558435495,-0.004668418199692433,-0.008291054481372464,"{1: 0.009653056963580162, 2: 0.005554859633348981, 3: 0.002830571445738835, 4: 0.007305987143889417, 5: 0.001362002482207698}",0.5777310924369747,476,0.005805474377234173
intraday_range_expansion,XLK,10,0.029350470069666325,0.06751909943936044,-0.0030001139468370675,"{1: 0.015601944609567537, 2: 0.004740577360838469, 3: 0.007959666463021136, 4: 0.012156076076694316, 5: 0.012601830662730469}",0.5859872611464968,471,0.11322557971479696
intraday_range_expansion,XLK,20,-0.07420786324870075,0.011037697883989162,-0.016509321006245165,"{1: 0.03027332991605602, 2: 0.019817313234136272, 3: 0.015197942509156707, 4: 0.016762084508822973, 5: 0.013764008909810858}",0.6117136659436009,461,0.07628908676744667
realized_volatility_10d,XLK,1,0.03815749773710149,0.07642564770557003,0.0021589201963714798,"{1: 0.0010948837111815842, 2: 0.0011652188971116183, 3: -0.00029372117640512585, 4: 0.0004100066789146254, 5: 0.003253803907553064}",0.5991820040899796,489,0.01724586803267601
realized_volatility_10d,XLK,5,0.10092563666446829,0.18426770389054747,0.015605754537855586,"{1: 0.004976201903178293, 2: 0.004230710201256021, 3: 0.002585030379563577, 4: -0.0034624144718379897, 5: 0.020581956441033878}",0.5814432989690722,485,0.09043818458379088
realized_volatility_10d,XLK,10,0.08457339224562606,0.25795757750048137,0.021279232037180774,"{1: 0.014242802286856511, 2: 0.004874452853441179, 3: -0.0018675815743100985, 4: 0.001816240746117321, 5: 0.035522034324037284}",0.5895833333333333,480,0.05955262330513567
realized_volatility_10d,XLK,20,0.0483455180681881,0.30111863999394844,0.017628448402415477,"{1: 0.02239630693946053, 2: 0.004448196264604991, 3: 0.013691851525660796, 4: 0.018772346382780407, 5: 0.04002475534187601}",0.6170212765957447,470,0.009956287339951509
volatility_of_volume,XLK,1,0.003776936784269879,0.0020830288542713583,0.0003312240044540094,"{1: 0.0015748905070703024, 2: -0.0012351741967138545, 3: 0.0009723957937977546, 4: 0.0019269617693447201, 5: 0.0019061145115243118}",0.5949895615866388,479,0.025284574940032334
volatility_of_volume,XLK,5,-0.050047867248165095,-0.03544113183136616,-0.006193660726094755,"{1: 0.01171101818166063, 2: -0.000332626972583944, 3: 0.0008636431844132682, 4: 0.009265815364727915, 5: 0.005517357455565875}",0.5789473684210527,475,0.025193320475026947
volatility_of_volume,XLK,10,-0.1380255903993093,-0.12060590269387468,-0.018949457124182383,"{1: 0.024869813472742756, 2: 0.004395636664754174, 3: -0.004023702996414123, 4: 0.02201030818308184, 5: 0.005920356348560375}",0.5851063829787234,470,-0.04234114736369069
volatility_of_volume,XLK,20,-0.24307191391756808,-0.18902474084780493,-0.04322517159272363,"{1: 0.04078102767703939, 2: 0.01335388149522802, 3: -0.004644223236740641, 4: 0.04940891247378011, 5: -0.002444143915684242}",0.6130434782608696,460,-0.17103004382535786
gap_extension,XLK,1,0.005409091892508521,-0.06362788868745725,-0.0012443462824600852,"{1: 0.0016344546452147079, 2: 0.0013245874807552673, 3: 0.0019470696803825331, 4: 0.00029857497446971853, 5: 0.00039010836275462274}",0.5221774193548387,496,0.04040126524630483
gap_extension,XLK,5,-0.06015033578740788,-0.11606087220364092,-0.007487650372211641,"{1: 0.011825507665740661, 2: 0.00769605091138457, 3: 0.0020165574232533117, 4: 0.0034010582445273474, 5: 0.00433785729352902}",0.4878048780487805,492,-0.03046131934376775
gap_extension,XLK,10,-0.033936799199756305,-0.05970772722973399,-0.0004016640947603692,"{1: 0.019657691668817256, 2: 0.01062618853837101, 3: 0.004574336443249939, 4: 0.003928515694963954, 5: 0.019256027574056887}",0.4784394250513347,487,-0.03746909038233934
gap_extension,XLK,20,0.004865749884069835,-0.03295857663796426,0.008009497843624893,"{1: 0.02928452702101803, 2: 0.01944403208888277, 3: 0.011778776404423891, 4: 0.005222050914184705, 5: 0.03729402486464292}",0.5178197064989518,477,-0.008516009427171158
exhaustion_composite,XLK,1,0.043066373594933184,0.09241040947205782,0.0017734722910016341,"{1: 0.0013875637925962014, 2: 0.0007548163358109983, 3: -0.0021032695961716976, 4: 0.002396747416040965, 5: 0.0031610360835978356}",0.492,500,0.0438397420863162
exhaustion_composite,XLK,5,0.05162491913040511,0.06976158676803708,0.0033767225109574022,"{1: -0.001475584017609518, 2: 0.008541613739797727, 3: 0.005060271669919394, 4: 0.014817493264709896, 5: 0.0019011384933478842}",0.46774193548387094,496,-0.0034405311822422887
exhaustion_composite,XLK,10,0.13319462511790242,0.16198082796453422,0.018767192983907062,"{1: -0.0008297510004440032, 2: 0.009354498360260921, 3: 0.010710930053015096, 4: 0.02069042610452187, 5: 0.01793744198346306}",0.48879837067209775,491,0.05570246437430968
exhaustion_composite,XLK,20,0.08023515332031284,0.10562861954623846,0.024244919596536473,"{1: 0.006818039499778502, 2: 0.029737439688938203, 3: 0.012826443619958031, 4: 0.024748033949264184, 5: 0.031062959096314974}",0.4802494802494803,481,0.11418104620187275
volume_zscore_20d,XLF,1,0.02906344782948596,0.0661348327958741,0.0005413871328738493,"{1: 0.0005133536190715925, 2: -0.0009429684038051676, 3: 0.0004936938683236999, 4: 0.0017448474547281587, 5: 0.0010547407519454419}",0.49166666666666664,480,0.027621181713860875
volume_zscore_20d,XLF,5,-0.05000570238025697,0.024100655960052533,0.0007638960080425241,"{1: 0.004035689868652589, 2: 0.0030537021272672095, 3: 0.001547930760740836, 4: 0.0007371689298934848, 5: 0.0047995858766951135}",0.4579831932773109,476,-0.003152111046847889
volume_zscore_20d,XLF,10,0.007371985759289013,0.061708614202160235,0.003317704530339029,"{1: 0.008003241055967817, 2: 0.004251106297655075, 3: 0.002449642164322962, 4: 0.002716795184973807, 5: 0.011320945586306846}",0.4989384288747346,471,0.047230391170010454
volume_zscore_20d,XLF,20,0.02213181518095222,0.07734517875382416,0.005667161503678854,"{1: 0.01356065369729279, 2: 0.010081563208821444, 3: 0.006273840513228701, 4: 0.007090470264078842, 5: 0.019227815200971644}",0.5075921908893709,461,0.028791330158072757
dollar_volume_zscore,XLF,1,0.02538406888269706,0.06107051449812017,0.00021100236215676243,"{1: 0.0007172855557253076, 2: -0.0015441126646430943, 3: 0.001807883396949082, 4: 0.00095432308435036, 5: 0.00092828791788207}",0.49375,480,0.026120407532041156
dollar_volume_zscore,XLF,5,-0.05755921435108304,0.01353432501694581,-0.0018027051768482925,"{1: 0.005216408019533096, 2: 0.001281279010837705, 3: 0.002999572214918449, 4: 0.001250686863160648, 5: 0.0034137028426848037}",0.44537815126050423,476,-0.003597353261160356
dollar_volume_zscore,XLF,10,-4.232120132261508e-05,0.05226209601117285,0.0007253553561376146,"{1: 0.008108218355361635, 2: 0.0034678968572704662, 3: 0.003502358468682715, 4: 0.004828566116631657, 5: 0.00883357371149925}",0.4989384288747346,471,0.04969005771847627
dollar_volume_zscore,XLF,20,0.0139458202836492,0.0683100770481803,0.004980485717320005,"{1: 0.012910737414447482, 2: 0.011158797986372754, 3: 0.004905037099597753, 4: 0.009375611559630178, 5: 0.017891223131767487}",0.4945770065075922,461,0.033487870194671365
return_3d_extension,XLF,1,-0.026695812550128838,-0.09006785415118314,-0.002625805030537895,"{1: 0.002462054107683921, 2: -0.0003471303534516486, 3: 0.0006530875901468293, 4: 6.889133431189489e-05, 5: -0.00016375092285397403}",0.5040322580645161,496,0.0007166959886803205
return_3d_extension,XLF,5,-0.046983133875325905,-0.09771213258116472,-0.004704787110581856,"{1: 0.005972695903704148, 2: 0.003470555445627453, 3: 0.0012579426751107138, 4: 0.002005733406046027, 5: 0.0012679087931222917}",0.483739837398374,492,0.009517991862067912
return_3d_extension,XLF,10,-0.046806528889277915,-0.09364333254325956,-0.003922489785361864,"{1: 0.009311739337551075, 2: 0.00845739762630988, 3: 0.003905220115663247, 4: 0.0010226584124690228, 5: 0.0053892495521892115}",0.49691991786447637,487,0.02733432518462892
return_3d_extension,XLF,20,-0.036570909472166416,-0.08077894559162974,-0.005629471810795584,"{1: 0.016050830849180003, 2: 0.01502469910671302, 3: 0.008825510627258374, 4: 0.007782311000847778, 5: 0.010421359038384419}",0.5157232704402516,477,0.09570057884408681
distance_from_sma20,XLF,1,-0.05466138488594576,-0.08833179443263726,-0.0010033889026091723,"{1: 0.001405078128705068, 2: 0.0015648159352858553, 3: 7.071759116072593e-05, 4: -0.0005786335909838194, 5: 0.0004016892260958957}",0.48125,480,-0.016843565635448816
distance_from_sma20,XLF,5,-0.07590596914038704,-0.12978171657887258,-0.005451463425846251,"{1: 0.007231214411593388, 2: 0.003843746012661552, 3: 0.0015077568213582508, 4: -0.00022202776856310446, 5: 0.001779750985747138}",0.4831932773109244,476,0.009969603779017181
distance_from_sma20,XLF,10,-0.12052624490153709,-0.15417433566405706,-0.011678325627916195,"{1: 0.013310246296325101, 2: 0.004971428948102529, 3: 0.005597845899324508, 4: 0.0031738309745084695, 5: 0.0016319206684089057}",0.4968152866242038,471,0.03677694002692822
distance_from_sma20,XLF,20,-0.16671880416103751,-0.19065418677140283,-0.022182215857372747,"{1: 0.019594490784438735, 2: 0.014242692101983373, 3: 0.013893699798040815, 4: 0.011025600087134662, 5: -0.002587725072934011}",0.5075921908893709,461,0.039063875705593894
intraday_range_expansion,XLF,1,0.05294924591395066,0.09906862200251279,0.0010093287741105988,"{1: 0.0007587833791456213, 2: -0.0006256022696236319, 3: 0.0008960273561987135, 4: 6.63466712868023e-05, 5: 0.00176811215325622}",0.5416666666666666,480,0.0555726355035373
intraday_range_expansion,XLF,5,-0.02772246932536669,0.009788366660346421,-0.0028776590859870186,"{1: 0.004903409273690494, 2: 0.002104695187492665, 3: 0.002910740007619231, 4: 0.0022203490182692853, 5: 0.0020257501877034754}",0.5588235294117647,476,-0.0036960836520307885
intraday_range_expansion,XLF,10,-0.0021226063577871692,0.04883250108571596,0.003383216277642832,"{1: 0.004038996312290819, 2: 0.010417255254865775, 3: 0.0009952816878279556, 4: 0.005910157260730404, 5: 0.007422212589933651}",0.5668789808917197,471,-0.007445567877555545
intraday_range_expansion,XLF,20,-0.005343868618413559,0.06814893868289679,0.003527244070661073,"{1: 0.008801663214605434, 2: 0.017521314128755978, 3: 0.004984032630735547, 4: 0.012650153782450472, 5: 0.012328907285266507}",0.5943600867678959,461,-0.03852419410505971
realized_volatility_10d,XLF,1,0.0962894868837833,0.09774391308226267,0.0039590653091375275,"{1: -0.0012655385031585084, 2: 0.0013915214482701963, 3: 0.0015566605331784923, 4: -0.0015634344528128311, 5: 0.0026935268059790187}",0.5378323108384458,489,0.07169627874640905
realized_volatility_10d,XLF,5,0.15766211526911308,0.17790983509003308,0.012108013769016537,"{1: -0.0013715064984493454, 2: 0.004110904078250011, 3: 0.005832792715894301, 4: -0.005115074373421161, 5: 0.010736507270567191}",0.5587628865979382,485,0.1094550592000163
realized_volatility_10d,XLF,10,0.15106587243938435,0.23969459319493908,0.014560991869172087,"{1: 0.002900692802692388, 2: 0.006110016456889977, 3: 0.004918180070024779, 4: -0.0023209573012904342, 5: 0.017461684671864475}",0.575,480,0.12548947979955397
realized_volatility_10d,XLF,20,0.05199767333737678,0.20695223552524572,0.009186299163245416,"{1: 0.004542534713624068, 2: 0.014743476127067721, 3: 0.016675372526023198, 4: 0.009022453056328207, 5: 0.013728833876869484}",0.6021276595744681,470,0.018712483958172207
volatility_of_volume,XLF,1,0.012330379148718136,0.013632602146546727,0.0017465473105114603,"{1: -0.00043654762528526234, 2: 0.0009941643487205848, 3: 0.0002260673832464398, 4: 0.0007168074997046062, 5: 0.0013099996852261979}",0.5407098121085595,479,-0.01528347525891189
volatility_of_volume,XLF,5,-0.038612577609324884,-0.02461660286947513,0.0006596859453586968,"{1: 0.004964824154149989, 2: 0.0023863579289051607, 3: 0.0003529640696636749, 4: 0.0009102386475747547, 5: 0.005624510099508686}",0.56,475,-0.06413640845590765
volatility_of_volume,XLF,10,-0.040241729042098946,-0.058847489426998835,0.0023907230270418817,"{1: 0.008650782147282538, 2: 0.0049489120849223345, 3: -0.0009954961847447408, 4: 0.005066583093884656, 5: 0.01104150517432442}",0.5659574468085107,470,-0.02086759344877732
volatility_of_volume,XLF,20,-0.06619682800341993,-0.08237267800920947,0.006478977186846417,"{1: 0.011109750544322117, 2: 0.01728891769789328, 3: 0.007727641618985669, 4: 0.0020895378596868484, 5: 0.017588727731168534}",0.5934782608695652,460,0.09937988034310845
gap_extension,XLF,1,-0.02389469364935866,-0.06922831372920686,-0.00015845436099998415,"{1: -0.00015453824870617083, 2: 0.0024877167718126048, 3: 0.0009860670647704114, 4: -0.000306670996511546, 5: -0.000312992609706155}",0.49798387096774194,496,0.05634207078668375
gap_extension,XLF,5,0.03017083941965118,-0.03718231568885159,0.0011471039959732253,"{1: 0.002920576218074789, 2: 0.0032663156906950763, 3: 0.0018869856623229355, 4: 0.0018358534207627132, 5: 0.004067680214048014}",0.49796747967479676,492,0.11202548900207145
gap_extension,XLF,10,0.05094275829902602,-0.01224883164529482,0.004111145610165635,"{1: 0.006895179609470588, 2: 0.004658771309322009, 3: 0.0033572584726971246, 4: 0.0021357354233723, 5: 0.011006325219636223}",0.5071868583162218,487,0.1556789302886741
gap_extension,XLF,20,0.04817420771103103,-0.04412614717733449,0.008455813831965578,"{1: 0.01438909452773097, 2: 0.011127900943842561, 3: 0.004109343300735245, 4: 0.00552018124827444, 5: 0.022844908359696547}",0.5115303983228512,477,0.22637832933960494
exhaustion_composite,XLF,1,-0.012832602789292038,0.06796247786891195,0.00019511388184005444,"{1: -0.0005910896939253863, 2: 0.0011733384562513504, 3: 0.0011652743831894342, 4: 0.0012491690780309672, 5: -0.00039597581208533183}",0.454,500,-0.013954755269509324
exhaustion_composite,XLF,5,0.00881757507400454,0.0720834948622425,0.0010520124019035304,"{1: 0.000997314548021, 2: 0.0024386785892308977, 3: 0.002675541770970566, 4: 0.0050786420144480135, 5: 0.0020493269499245303}",0.4576612903225806,496,-0.0032774667947401545
exhaustion_composite,XLF,10,0.022491399552747565,0.08033092797764806,0.003962088147117144,"{1: 0.0031514404247544197, 2: 0.007887013077365666, 3: 0.001487684869660258, 4: 0.007763540406768461, 5: 0.007113528571871564}",0.47657841140529533,491,0.03784901120002278
exhaustion_composite,XLF,20,-0.040457160866962424,0.01722072233889945,-0.0019582496762395804,"{1: 0.01285598263590168, 2: 0.016874457443621725, 3: 0.008411082066850104, 4: 0.008220455147008627, 5: 0.0108977329596621}",0.4490644490644491,481,-0.013361169690489573
volume_zscore_20d,XLE,1,0.002597016761901842,0.026733619730454006,0.0009633043059452859,"{1: 0.00027284503756836, 2: 0.0002642262460753955, 3: 0.0025574195145242652, 4: 0.0002465681830558797, 5: 0.0012361493435136459}",0.4791666666666667,480,-0.037720005028225735
volume_zscore_20d,XLE,5,0.1260872491995805,0.13224586126833404,0.01582522844873213,"{1: -0.005180101911366307, 2: 0.0027924447494310427, 3: 0.006122595471235823, 4: 0.006185112899616793, 5: 0.010645126537365825}",0.5084033613445378,476,0.08917379861038567
volume_zscore_20d,XLE,10,0.18952306246999617,0.20646349647117257,0.028480807556517294,"{1: -0.005852806498614755, 2: 0.002798864092904083, 3: 0.008331720561982201, 4: 0.010214823959580711, 5: 0.02262800105790254}",0.5392781316348195,471,0.1340859954863975
volume_zscore_20d,XLE,20,0.13812802306624813,0.16378243392628525,0.02475751492174996,"{1: 0.0042855085541832075, 2: 0.010470041355477164, 3: 0.007896808021959132, 4: 0.02351825683968233, 5: 0.029043023475933166}",0.5075921908893709,461,0.06002566692446289
dollar_volume_zscore,XLE,1,-0.005789413776688928,0.01836395846697673,0.00023598678241829724,"{1: 0.0008551571188415893, 2: 0.0004889986649311723, 3: 0.001967303805801745, 4: 0.0001746048339031532, 5: 0.0010911439012598865}",0.475,480,-0.0346260083596112
dollar_volume_zscore,XLE,5,0.10456885832783959,0.11709922096908601,0.014028654583640313,"{1: -0.0041512391359548075, 2: 0.007507557587123844, 3: 0.00038136906801298804, 4: 0.006939244644937627, 5: 0.009877415447685505}",0.5084033613445378,476,0.09398330628332947
dollar_volume_zscore,XLE,10,0.1632858708060667,0.1824033394771335,0.02595162128604077,"{1: -0.005008534395501741, 2: 0.009949043392167869, 3: 0.0007280691724802454, 4: 0.011499956495951156, 5: 0.020943086890539028}",0.5392781316348195,471,0.13225052963224512
dollar_volume_zscore,XLE,20,0.11479904609207639,0.14387754030168903,0.01867329387518385,"{1: 0.008138170780305909, 2: 0.012244879154091592, 3: 0.007346026121711528, 4: 0.02063122077230878, 5: 0.02681146465548976}",0.5119305856832972,461,0.05367599100108049
return_3d_extension,XLE,1,0.033076911256998485,0.010766977225204685,0.0015224300390448784,"{1: 0.0011452206565059752, 2: 0.0002743020492827985, 3: 0.0004285191885353577, 4: -0.0003839946167120661, 5: 0.0026676506955508536}",0.48588709677419356,496,0.09207125040128461
return_3d_extension,XLE,5,-0.02163874345246404,-0.027399570572373393,-0.0018598386140369445,"{1: 0.0055464764262103715, 2: 0.0005048209346500206, 3: 0.007732549740334976, 4: 0.0017296469387548875, 5: 0.003686637812173427}",0.47560975609756095,492,0.07561499478958324
return_3d_extension,XLE,10,-0.09075728324094137,-0.08698808863215302,-0.00648404276944105,"{1: 0.009741298523558537, 2: 0.0088933752684581, 3: 0.012975519686994601, 4: 0.0021703767596206822, 5: 0.003257255754117488}",0.45585215605749485,487,0.024590277812071504
return_3d_extension,XLE,20,-0.17828627957065815,-0.14288966874347295,-0.016504036691714852,"{1: 0.024477937616083138, 2: 0.025799497805489176, 3: 0.011405741708088566, 4: 0.005320164997168686, 5: 0.007973900924368286}",0.44025157232704404,477,-0.11706751866205169
distance_from_sma20,XLE,1,-0.09329533692587011,-0.0739186420305642,-0.003456802532732323,"{1: 0.0023548789183673057, 2: 0.0035924494355295856, 3: 0.0013160452149139506, 4: -0.0015842416297082787, 5: -0.0011019236143650173}",0.48541666666666666,480,0.043085637802229
distance_from_sma20,XLE,5,-0.22273330384785492,-0.19581659000918009,-0.02004801660863113,"{1: 0.015075373360898259, 2: 0.011896056413231092, 3: 0.0011576723416848083, 4: -0.002804496650979847, 5: -0.00497264324773287}",0.40336134453781514,476,-0.014879243177411508
distance_from_sma20,XLE,10,-0.266698785605509,-0.2611850280579617,-0.034517657626845374,"{1: 0.026054605767376855, 2: 0.020001467505842696, 3: 0.0014930006254766487, 4: -0.0013048594214940853, 5: -0.00846305185946852}",0.37791932059447986,471,-0.10310576019305447
distance_from_sma20,XLE,20,-0.2378300187033565,-0.21195015922772575,-0.0327718252800885,"{1: 0.03853947434924984, 2: 0.022451041706177236, 3: 0.007437504902746131, 4: 0.000645642504736683, 5: 0.00576764906916134}",0.42733188720173537,461,-0.19285439584821296
intraday_range_expansion,XLE,1,-0.059827197581934034,-0.016713668952666,-0.001653622517299959,"{1: 0.0010783619445219373, 2: 0.0017049844757551051, 3: 0.001352811156142592, 4: 0.0010163113210959335, 5: -0.0005752605727780217}",0.5708333333333333,480,-0.05259533742532312
intraday_range_expansion,XLE,5,0.022007627281299808,0.05727709993640946,0.00794837649607251,"{1: -0.0005240577363926161, 2: 0.004306213109929405, 3: 0.009896291570308764, 4: -0.0005865989485577821, 5: 0.007424318759679893}",0.5903361344537815,476,0.0018470863706198742
intraday_range_expansion,XLE,10,0.12080629638392049,0.1451148176690795,0.020850912237376958,"{1: -0.004401506140963876, 2: 0.00360251106131481, 3: 0.015555763160054423, 4: 0.00689898963142942, 5: 0.016449406096413082}",0.5902335456475584,471,0.03341376171404962
intraday_range_expansion,XLE,20,0.056119255638259695,0.11726338942500511,0.019373729231111816,"{1: 0.009041452290742246, 2: 0.016269638612822757, 3: 0.011027963501235433, 4: 0.010407707279965728, 5: 0.02841518152185406}",0.5986984815618221,461,-0.012813599243797744
realized_volatility_10d,XLE,1,0.07736240215785142,0.0817946385750588,0.0032328947925546136,"{1: -5.186627606092374e-05, 2: -0.0017838247313411663, 3: 0.0006621212399383453, 4: 0.0023432941860968524, 5: 0.0031810285164936896}",0.5685071574642127,489,0.04424577797207929
realized_volatility_10d,XLE,5,0.12563466593457223,0.11453669546948787,0.012294981977227391,"{1: 0.00036704958720761314, 2: -0.0019788246955887, 3: 0.00024933575548549203, 4: 0.008987076883819495, 5: 0.012662031564435005}",0.5876288659793815,485,0.025634231291546388
realized_volatility_10d,XLE,10,0.16299126732320884,0.12506132470313172,0.02196881645571994,"{1: 0.0014569313815291699, 2: 0.003950484389062852, 3: -0.0040547537403503205, 4: 0.014462992938394583, 5: 0.02342574783724911}",0.5958333333333333,480,0.036846733399506504
realized_volatility_10d,XLE,20,0.11916679356590522,0.14877947037844338,0.021890774936461046,"{1: 0.006432243508561618, 2: 0.014146205741362529, 3: 0.004759785647944518, 4: 0.021998366690267317, 5: 0.028323018445022663}",0.6,470,0.04729997196642169
volatility_of_volume,XLE,1,0.01709061078810149,0.07586999854681688,0.0022570147799617856,"{1: -0.0009345989355308062, 2: 0.0021008431051377035, 3: 0.0004360395630031719, 4: 0.0014654989489079027, 5: 0.0013224158444309793}",0.569937369519833,479,0.029021745834124126
volatility_of_volume,XLE,5,0.007983249262396498,0.09372158663100112,0.007910911502852436,"{1: -0.0024083465213130795, 2: 0.01076031302650941, 3: 0.00375250200493452, 4: 0.0025856563044668606, 5: 0.005502564981539357}",0.5894736842105263,475,0.027838403191985387
volatility_of_volume,XLE,10,0.030863994549159994,0.1300828901161446,0.020271984595149724,"{1: -0.007038366647493153, 2: 0.016264100622093176, 3: 0.015924740764531462, 4: -0.0007608176223824978, 5: 0.013233617947656573}",0.5893617021276596,470,0.1027349270860597
volatility_of_volume,XLE,20,0.13514044304885967,0.262984170197853,0.04024289735943055,"{1: -0.011204938959519448, 2: 0.01611961729255656, 3: 0.03788671349344212, 4: 0.0027464313481214684, 5: 0.0290379583999111}",0.5978260869565217,460,0.23208379645086444
gap_extension,XLE,1,0.024349127447886598,-0.00555153116867428,0.0024429027782802613,"{1: 0.00043622916760767795, 2: -0.0009169088166782118, 3: 0.0008235324920411076, 4: 0.0009168747144952981, 5: 0.002879131945887939}",0.4959677419354839,496,0.0764787878253911
gap_extension,XLE,5,0.056643286675117734,0.0019879873339166128,0.0028725931344447675,"{1: 0.008081672181313084, 2: -0.004835104884583984, 3: 0.003510433269099672, 4: 0.001388837161774946, 5: 0.010954265315757852}",0.5203252032520326,492,0.10563170888930222
gap_extension,XLE,10,0.06237026065685978,0.008789965555429952,0.007688753281337437,"{1: 0.011809098636770375, 2: -0.002527231377351157, 3: 0.007037770698940171, 4: 0.0010315897629089908, 5: 0.019497851918107812}",0.5318275154004107,487,0.09540912959240952
gap_extension,XLE,20,0.03880879738016624,0.052782347069044826,0.012262031289711331,"{1: 0.018169373684027084, 2: 0.007277397867588028, 3: 0.0098549989477687, 4: 0.009074078734735478, 5: 0.030431404973738415}",0.5136268343815513,477,0.05888474254891437
exhaustion_composite,XLE,1,-0.00281867914067797,0.07250388621198063,0.0009270054243405168,"{1: 0.0015175470560326754, 2: 0.001605922882433529, 3: -0.0015240305155835986, 4: -0.0002596279158791415, 5: 0.002444552480373192}",0.46,500,0.005552143703010114
exhaustion_composite,XLE,5,0.04387269142822283,0.10161843125772367,0.008211644425653697,"{1: 5.2922672130292225e-05, 2: 0.008780967331344905, 3: -0.0009806895277642328, 4: 0.002511427335968004, 5: 0.00826456709778399}",0.46774193548387094,496,0.02403479895944538
exhaustion_composite,XLE,10,0.058783924654927065,0.11247022723481484,0.0073163548208170235,"{1: 0.007107982264847956, 2: 0.005492791495623542, 3: 0.0022589080044163328, 4: 0.006188371025339368, 5: 0.01442433708566498}",0.4786150712830957,491,0.019969744706558223
exhaustion_composite,XLE,20,0.08557635242193176,0.14955913638404836,0.023046562419541654,"{1: 0.0157358554340462, 2: 0.007208997403539589, 3: 0.004635486585743315, 4: 0.006802342630319942, 5: 0.03878241785358785}",0.4760914760914761,481,0.04463044277557782
volume_zscore_20d,IWM,1,0.018854682529004033,0.007469347853526215,0.0008216212322883349,"{1: 0.0006691831520424484, 2: 0.0007666479406896026, 3: 0.000986750088109497, 4: -2.4308712703852615e-05, 5: 0.0014908043843307832}",0.49166666666666664,480,0.01721534129758479
volume_zscore_20d,IWM,5,-0.0657743136976737,-0.03658715819554171,-0.0012100588639820525,"{1: 0.0058734632178756045, 2: 0.004524702250262718, 3: 0.006860937444797883, 4: -0.0013251074007091584, 5: 0.004663404353893552}",0.46218487394957986,476,-0.03088961814906633
volume_zscore_20d,IWM,10,-0.028945059387496818,0.006621400885799968,0.0046008359902943545,"{1: 0.007778178221234274, 2: 0.00881715211149268, 3: 0.012370679349180107, 4: 0.0009140686966397242, 5: 0.012379014211528629}",0.47558386411889597,471,0.017621617884532762
volume_zscore_20d,IWM,20,0.029874049368532062,0.052503062900189336,0.01454133157888598,"{1: 0.007356370609799516, 2: 0.018421666926162674, 3: 0.023450580485699434, 4: 0.007942022050157154, 5: 0.021897702188685496}",0.45336225596529284,461,0.1015752335309771
dollar_volume_zscore,IWM,1,0.011793236949813149,0.0056489020868009275,-0.00019236294495469453,"{1: 0.0014743898964553308, 2: 0.00010731610449603533, 3: 0.0007565057898450909, 4: 0.0002688381101713852, 5: 0.0012820269515006362}",0.4979166666666667,480,0.015085294924247783
dollar_volume_zscore,IWM,5,-0.07819192821120503,-0.04432146242189467,-0.0029512908984599606,"{1: 0.007171580541899729, 2: 0.005473902331361596, 3: 0.0048638659840879155, 4: -0.0011459030275528764, 5: 0.004220289643439769}",0.4684873949579832,476,-0.03633176468789731
dollar_volume_zscore,IWM,10,-0.0380294743902187,0.0001432757407218281,0.002504685479583938,"{1: 0.00888094883427502, 2: 0.008287461735704625, 3: 0.01143141784978007, 4: 0.002261898254190352, 5: 0.011385634313858958}",0.4861995753715499,471,0.017305171877391987
dollar_volume_zscore,IWM,20,0.01885633935997041,0.04553328934889826,0.014436069695048149,"{1: 0.006204093114775497, 2: 0.021774135155100675, 3: 0.022163711780102652, 4: 0.008298764156082503, 5: 0.020640162809823646}",0.45336225596529284,461,0.10038852567326371
return_3d_extension,IWM,1,0.0032260031351353476,-0.012838458966832665,0.0018998469073091566,"{1: 0.00029926278165074983, 2: 0.0011217259262752714, 3: 0.0014227660843425583, 4: -0.0014713566265661222, 5: 0.0021991096889599064}",0.4899193548387097,496,0.011217706499092261
return_3d_extension,IWM,5,-0.004556866520235661,-0.03321809359518731,0.0004838844930688752,"{1: 0.00542563224652118, 2: 0.001398462495018214, 3: 0.006532215009949046, 4: -0.00019792583915774118, 5: 0.005909516739590055}",0.5142276422764228,492,0.03727053146250921
return_3d_extension,IWM,10,-0.015885290368857656,-0.0261844669707147,-0.003239824775135699,"{1: 0.014409473510161006, 2: -0.0013705583200612176, 3: 0.010579087693966413, 4: 0.004853544375780461, 5: 0.011169648735025307}",0.5195071868583162,487,0.07534121156153858
return_3d_extension,IWM,20,-0.02847802103394448,-0.05916871863309467,-0.010958008054967494,"{1: 0.025469518761159535, 2: 0.0012698913698694137, 3: 0.020344752466943658, 4: 0.01812478350896093, 5: 0.01451151070619204}",0.5534591194968553,477,0.10448213246781421
distance_from_sma20,IWM,1,-0.041015151975486004,-0.04237996463653359,-0.0019444362108192077,"{1: 0.0016774289732671918, 2: -0.0005771529565646664, 3: 0.002434884796214825, 4: 0.0006209232771031437, 5: -0.0002670072375520159}",0.50625,480,-0.05214611634160657
distance_from_sma20,IWM,5,-0.10340167844694978,-0.10506874043151965,-0.009241414580621032,"{1: 0.007080566626053531, 2: 0.0044594507229511705, 3: 0.008372788889783331, 4: 0.002832735230235035, 5: -0.0021608479545675006}",0.5126050420168067,476,-0.008000473905876179
distance_from_sma20,IWM,10,-0.14493925730600585,-0.13750345360928953,-0.018223559538844,"{1: 0.01909146191232929, 2: 0.005514899493556018, 3: 0.009756018600537467, 4: 0.006908456128347187, 5: 0.0008679023734852884}",0.5180467091295117,471,0.030176609925645727
distance_from_sma20,IWM,20,-0.1694041505038393,-0.14043128642951475,-0.025352101712284268,"{1: 0.032226775701755986, 2: 0.015627135392054882, 3: 0.010984991997468661, 4: 0.01308443468962307, 5: 0.0068746739894717185}",0.5292841648590022,461,-0.04071785682589457
intraday_range_expansion,IWM,1,-0.03151174701279085,0.030217034661741214,-0.0007434945743657097,"{1: 0.0014953485143777642, 2: 0.0003197895502330868, 3: 0.0014478997334198458, 4: -0.0001258148855742732, 5: 0.0007518539400120546}",0.5416666666666666,480,0.0034718577007412034
intraday_range_expansion,IWM,5,-0.05539253238534739,-0.020921997213772765,-0.0006844447245932996,"{1: 0.005938554738472061, 2: 0.00431063822043134, 3: 0.00431543785865549, 4: 0.0007779738607819307, 5: 0.005254110013878761}",0.5630252100840336,476,-0.02280901338401918
intraday_range_expansion,IWM,10,-0.0038137315928620163,0.03674707489186629,0.0024650317664831247,"{1: 0.008579686185890424, 2: 0.007853658440454813, 3: 0.006897255012104363, 4: 0.007875248318777199, 5: 0.011044717952373549}",0.6199575371549894,471,0.03827014783612101
intraday_range_expansion,IWM,20,-0.057037765591948376,0.010533686140345753,-0.005734094768795942,"{1: 0.021842961187277996, 2: 0.014242638906378524, 3: 0.015684479241419972, 4: 0.011031933565886184, 5: 0.016108866418482054}",0.6594360086767896,461,0.03481474594393566
realized_volatility_10d,IWM,1,0.01352577036044228,0.04631982135513896,0.001241561368446807,"{1: 0.0012720117843271048, 2: 0.0011252472829631568, 3: 0.0005484260303292208, 4: -0.0018279168988023576, 5: 0.002513573152773912}",0.5398773006134969,489,0.02955161686217427
realized_volatility_10d,IWM,5,0.06650520618030771,0.10768280690648993,0.003780980820282673,"{1: 0.00890470998453838, 2: -0.00024813095723845967, 3: 0.001407519607241669, 4: -0.0028873924432652963, 5: 0.012685690804821053}",0.5587628865979382,485,0.10077009704878938
realized_volatility_10d,IWM,10,0.0751779521612507,0.16176563654449372,0.00935017777059718,"{1: 0.012084290496111766, 2: 0.0016466434516168235, 3: 0.005201875445611109, 4: 0.0008502216676737629, 5: 0.021434468266708945}",0.6166666666666667,480,0.11040087440761026
realized_volatility_10d,IWM,20,0.056622334285246184,0.19921068516191953,0.010157134530000547,"{1: 0.012773105342873124, 2: 0.014355334396459453, 3: 0.018302623647361103, 4: 0.013396374593883823, 5: 0.02293023987287367}",0.6617021276595745,470,0.07808253141803419
volatility_of_volume,IWM,1,0.031484263764292766,0.0010707502645815725,-0.0008204832659738405,"{1: 3.804531689287927e-05, 2: -0.00033716170201922416, 3: 0.0027810485217193742, 4: 0.002262657304249687, 5: -0.0007824379490809613}",0.5427974947807933,479,0.06125102531361255
volatility_of_volume,IWM,5,0.00022785929828293745,-0.05575211366204558,-0.00851723039323258,"{1: 0.001372887466935243, 2: -0.0020986278304737367, 3: 0.016488432956490655, 4: 0.012078629695305008, 5: -0.007144342926297337}",0.5642105263157895,475,-0.0077298889378648265
volatility_of_volume,IWM,10,-0.022854634731016482,-0.08239612734936207,-0.01112986554196099,"{1: 0.0015168571555990622, 2: 0.005581385534071043, 3: 0.024150204031520135, 4: 0.020649167618488257, 5: -0.009613008386361928}",0.6191489361702127,470,-0.023191225635682156
volatility_of_volume,IWM,20,-0.08700472612572963,-0.11169427107383734,-0.026102369130106384,"{1: 0.014116843182113413, 2: 0.004277635900242029, 3: 0.04881480657987302, 4: 0.02299325248171612, 5: -0.01198552594799297}",0.658695652173913,460,-0.0638945824757735
gap_extension,IWM,1,-0.01765077267121792,-0.028152377513043263,-0.0015535056256367626,"{1: 0.0009825565898211263, 2: 0.00016409295487270623, 3: 0.002606355369527592, 4: 0.0003825500185982885, 5: -0.0005709490358156362}",0.5080645161290323,496,0.02054697456477686
gap_extension,IWM,5,-0.05783447022408902,-0.075503681410266,-0.005918554027631809,"{1: 0.004996524278345263, 2: 0.0028455719323930203, 3: 0.008731211488569129, 4: 0.003490711012686137, 5: -0.0009220297492865457}",0.4898373983739837,492,0.031877304239928864
gap_extension,IWM,10,-0.012727286705922495,-0.030695953207337756,0.003658873329660181,"{1: 0.007908173711305817, 2: 0.0037560722369131636, 3: 0.01249643478800238, 4: 0.003976395037199197, 5: 0.011567047040965998}",0.5420944558521561,487,0.09909678566313909
gap_extension,IWM,20,-0.08490477583628382,-0.09727026544738357,-0.0057342487316926205,"{1: 0.021926033190148325, 2: 0.0175625331760394, 3: 0.019552704511514675, 4: 0.004507014232954288, 5: 0.016191784458455705}",0.5283018867924528,477,0.10184387691709527
exhaustion_composite,IWM,1,0.029931163970510478,0.04566087733905333,0.0018263946495627305,"{1: -0.0004641813767479808, 2: 0.002157749391898236, 3: 0.0013211811282768393, 4: -0.0009856104132553289, 5: 0.0013622132728147497}",0.456,500,0.04094876099924179
exhaustion_composite,IWM,5,-0.004560365347925054,0.0143567861871438,0.00695364265929337,"{1: -0.0021436732503679256, 2: 0.013899593913743733, 3: 0.0029178235176508913, 4: -0.0009325117785001656, 5: 0.004809969408925445}",0.4314516129032258,496,0.005132833778787871
exhaustion_composite,IWM,10,0.05581929150068426,0.09888747774062076,0.015261552055707882,"{1: -0.0023708710973355525, 2: 0.015329962107590293, 3: 0.006993239146360665, 4: 0.005949134354934274, 5: 0.01289068095837233}",0.46435845213849286,491,0.1028955863156526
exhaustion_composite,IWM,20,0.042570153229031925,0.0752371128222669,0.011641473345595297,"{1: 0.005886542809216378, 2: 0.014361289293535154, 3: 0.017179831057660428, 4: 0.02317616030826093, 5: 0.017528016154811674}",0.4407484407484408,481,0.1773087201333215
