Date,portfolio_equity,equity_SPY,equity_QQQ,equity_IWM,equity_XLK,equity_XLF,equity_XLE
2025-05-20 00:00:00-04:00,100000.0,0.0,0.0,0.0,0.0,0.0,0.0
2025-05-21 00:00:00-04:00,100000.0,0.0,0.0,0.0,0.0,0.0,0.0
2025-05-22 00:00:00-04:00,100000.0,0.0,0.0,0.0,0.0,0.0,0.0
2025-05-23 00:00:00-04:00,100000.0,0.0,0.0,0.0,0.0,0.0,0.0
2025-05-27 00:00:00-04:00,100000.0,0.0,0.0,0.0,0.0,0.0,0.0
2025-05-28 00:00:00-04:00,100000.0,0.0,0.0,0.0,0.0,0.0,0.0
2025-05-29 00:00:00-04:00,100000.0,0.0,0.0,0.0,0.0,0.0,0.0
2025-05-30 00:00:00-04:00,100000.0,0.0,0.0,0.0,0.0,0.0,0.0
2025-06-02 00:00:00-04:00,100000.0,0.0,0.0,0.0,0.0,0.0,0.0
2025-06-03 00:00:00-04:00,100000.0,0.0,0.0,0.0,0.0,0.0,0.0
2025-06-04 00:00:00-04:00,100000.0,0.0,0.0,0.0,0.0,0.0,0.0
2025-06-05 00:00:00-04:00,100000.0,0.0,0.0,0.0,0.0,0.0,0.0
2025-06-06 00:00:00-04:00,100000.0,0.0,0.0,0.0,0.0,0.0,0.0
2025-06-09 00:00:00-04:00,100000.0,0.0,0.0,0.0,0.0,0.0,0.0
2025-06-10 00:00:00-04:00,100000.0,0.0,0.0,0.0,0.0,0.0,0.0
2025-06-11 00:00:00-04:00,100000.0,0.0,0.0,0.0,0.0,0.0,0.0
2025-06-12 00:00:00-04:00,100000.0,0.0,0.0,0.0,0.0,0.0,0.0
2025-06-13 00:00:00-04:00,100000.0,0.0,0.0,0.0,0.0,0.0,0.0
2025-06-16 00:00:00-04:00,100000.0,0.0,0.0,0.0,0.0,0.0,0.0
2025-06-17 00:00:00-04:00,100000.0,0.0,0.0,0.0,0.0,0.0,0.0
2025-06-18 00:00:00-04:00,100000.0,0.0,0.0,0.0,0.0,0.0,0.0
2025-06-20 00:00:00-04:00,100000.0,0.0,0.0,0.0,0.0,0.0,0.0
2025-06-23 00:00:00-04:00,98611.6044478967,0.0,0.0,0.0,50499.65546508116,0.0,48111.948982815535
2025-06-24 00:00:00-04:00,98879.22556154826,0.0,0.0,0.0,49592.15795171809,0.0,49287.79307890144
2025-06-25 00:00:00-04:00,99085.4048314828,0.0,0.0,0.0,49704.4065265103,0.0,49381.12320986227
2025-06-26 00:00:00-04:00,100100.96080035254,0.0,0.0,50292.144708851614,49828.90291210633,0.0,0.0
2025-06-27 00:00:00-04:00,100225.4226255973,0.0,50248.56790968909,0.0,49997.18869070177,0.0,0.0
2025-06-30 00:00:00-04:00,100870.78643009617,0.0,0.0,0.0,50529.196084554926,0.0,50361.92653073283
2025-07-01 00:00:00-04:00,100205.14433050557,0.0,50121.83239532044,0.0,50103.690426220484,0.0,0.0
2025-07-02 00:00:00-04:00,101083.21796670904,0.0,50426.45713135052,0.0,50656.77859203437,0.0,0.0
2025-07-03 00:00:00-04:00,102170.890528044,0.0,0.0,51012.586590233266,51178.74485004305,0.0,0.0
2025-07-07 00:00:00-04:00,100997.868054727,0.0,0.0,50392.168304769104,50605.767150783424,0.0,0.0
2025-07-08 00:00:00-04:00,101618.72343764179,0.0,0.0,50883.436045679075,50735.3447435007,0.0,0.0
2025-07-09 00:00:00-04:00,102053.24041816253,0.0,0.0,0.0,51176.21516362973,0.0,50897.664132036116
2025-07-10 00:00:00-04:00,102275.61165821062,0.0,0.0,0.0,50738.15466177004,0.0,51537.56611857946
2025-07-11 00:00:00-04:00,102281.65824892384,0.0,0.0,0.0,50991.55038491791,0.0,51290.30039705114
2025-07-14 00:00:00-04:00,101677.48924410918,0.0,0.0,0.0,51113.04723660793,0.0,50564.50797118678
2025-07-15 00:00:00-04:00,101672.58555152896,0.0,50745.57411897077,0.0,50947.64771017129,0.0,0.0
2025-07-16 00:00:00-04:00,102025.13471130324,0.0,0.0,51034.90905151486,51010.696024683835,0.0,0.0
2025-07-17 00:00:00-04:00,102806.70669540424,0.0,51375.19513347696,0.0,51452.11448661182,0.0,0.0
2025-07-18 00:00:00-04:00,102175.60514385327,0.0,0.0,50864.28127283469,51332.0561685459,0.0,0.0
2025-07-21 00:00:00-04:00,102035.3969904394,0.0,0.0,50770.89745802026,51264.55359431406,0.0,0.0
2025-07-22 00:00:00-04:00,101289.07624738352,0.0,50723.71263001365,0.0,50585.94769444306,0.0,0.0
2025-07-23 00:00:00-04:00,101809.64047105804,0.0,50891.958893215255,0.0,50917.70687776785,0.0,0.0
2025-07-24 00:00:00-04:00,102133.09237613103,0.0,51016.14834436746,0.0,51116.95043111773,0.0,0.0
2025-07-25 00:00:00-04:00,102192.86978909832,0.0,0.0,51025.41226094487,51187.96378147298,0.0,0.0
2025-07-28 00:00:00-04:00,102541.36738632036,0.0,0.0,51027.766184170774,51513.63430992658,0.0,0.0
2025-07-29 00:00:00-04:00,102215.96985001753,0.0,0.0,50940.01913574718,51276.04765449662,0.0,0.0
2025-07-30 00:00:00-04:00,102071.08982244311,0.0,0.0,50764.9176684636,51306.206046776584,0.0,0.0
2025-07-31 00:00:00-04:00,101681.4186461935,0.0,0.0,0.0,50224.86806647842,0.0,51477.215899096955
2025-08-01 00:00:00-04:00,99906.06860618608,0.0,50002.829653392255,0.0,49923.9299718164,0.0,0.0
2025-08-04 00:00:00-04:00,101842.27812806712,0.0,50876.85138164949,0.0,50965.446106793126,0.0,0.0
2025-08-05 00:00:00-04:00,101075.35618256332,0.0,50611.01324511931,0.0,50464.37529871681,0.0,0.0
2025-08-06 00:00:00-04:00,102280.50110947543,0.0,51159.87730291564,0.0,51120.65881554119,0.0,0.0
2025-08-07 00:00:00-04:00,102500.63093706823,0.0,51401.63916086902,0.0,51099.0195614603,0.0,0.0
2025-08-08 00:00:00-04:00,103490.35720061134,0.0,51770.45239625185,0.0,51719.949023572255,0.0,0.0
2025-08-11 00:00:00-04:00,102986.90292973239,0.0,51569.30980480123,0.0,51417.61248897184,0.0,0.0
2025-08-12 00:00:00-04:00,104431.33273187195,0.0,52165.68231410726,0.0,52265.671082401066,0.0,0.0
2025-08-13 00:00:00-04:00,104476.93665915234,0.0,52270.55387707042,0.0,52206.41468535022,0.0,0.0
2025-08-14 00:00:00-04:00,104323.52311701106,0.0,52158.206776313455,0.0,52165.34517642585,0.0,0.0
2025-08-15 00:00:00-04:00,103637.96665698517,0.0,51901.48653929184,51757.48342532018,0.0,0.0,0.0
2025-08-18 00:00:00-04:00,103629.15892906845,51802.253754478086,51847.83553213899,6.4276604871960075e-12,0.0,0.0,0.0
2025-08-19 00:00:00-04:00,102644.83269316648,51508.51518231661,51136.325930875064,6.378317145283585e-12,0.0,0.0,0.0
2025-08-20 00:00:00-04:00,102263.78236139956,51159.82301336446,0.0,51124.60534008811,0.0,0.0,0.0
2025-08-21 00:00:00-04:00,101694.15646533825,50886.67570074465,50828.06342288869,0.0,0.0,0.0,0.0
2025-08-22 00:00:00-04:00,103259.51089042456,51601.994024188345,51657.54314784104,0.0,0.0,0.0,0.0
2025-08-25 00:00:00-04:00,102457.58064583369,51382.516879810144,0.0,51095.824204479686,0.0,0.0,0.0
2025-08-26 00:00:00-04:00,103094.87823129959,51505.97898718119,0.0,51588.93596459923,0.0,0.0,0.0
2025-08-27 00:00:00-04:00,103577.7330101882,51628.90916307085,0.0,51948.82611101654,0.0,0.0,0.0
2025-08-28 00:00:00-04:00,103608.53006528076,0.0,0.0,51763.35095195373,0.0,51866.07353091985,0.0
2025-08-29 00:00:00-04:00,103513.1689704577,0.0,0.0,51541.224658707535,0.0,51971.95595337377,0.0
2025-09-02 00:00:00-04:00,103127.90385479233,0.0,0.0,51690.45442416379,0.0,0.0,51458.24088436276
2025-09-03 00:00:00-04:00,101918.91031181689,0.0,0.0,51377.63734046021,0.0,0.0,50541.378653116575
2025-09-04 00:00:00-04:00,102895.86160604273,0.0,0.0,51537.973716449436,0.0,0.0,51358.08059264223
2025-09-05 00:00:00-04:00,102156.09124748084,0.0,0.0,51371.37531280023,0.0,0.0,50784.887105129455
2025-09-08 00:00:00-04:00,102141.99807840154,0.0,0.0,51186.41847597004,0.0,0.0,50955.69637688033
2025-09-09 00:00:00-04:00,102086.4838172664,0.0,0.0,50944.91628627696,0.0,0.0,51141.5915908574
2025-09-10 00:00:00-04:00,102887.45955750627,0.0,0.0,50961.38035018997,0.0,0.0,51926.12244643701
2025-09-11 00:00:00-04:00,103842.80047021208,0.0,0.0,52137.28023791336,0.0,0.0,51705.61308520998
2025-09-12 00:00:00-04:00,103002.56371163283,0.0,0.0,51561.3781071499,0.0,0.0,51441.20320544828
2025-09-15 00:00:00-04:00,103046.1865633819,0.0,0.0,51672.813251176085,0.0,0.0,51373.41650338107
2025-09-16 00:00:00-04:00,103822.31601032082,0.0,0.0,51575.60778293781,0.0,0.0,52246.71312104816
2025-09-17 00:00:00-04:00,104075.54400712189,0.0,0.0,51949.809368525144,0.0,0.0,52125.83233263384
2025-09-18 00:00:00-04:00,105205.18014218402,0.0,0.0,53145.550357563545,0.0,0.0,52059.66874091084
2025-09-19 00:00:00-04:00,104109.16432002159,0.0,0.0,52103.216233454,0.0,0.0,52006.20869099977
2025-09-22 00:00:00-04:00,105025.78836070758,0.0,0.0,52343.59369210862,52703.13028851124,0.0,0.0
2025-09-23 00:00:00-04:00,104453.29330982662,0.0,0.0,52291.993290918246,52161.33524143118,0.0,0.0
2025-09-24 00:00:00-04:00,103798.58701533652,0.0,51978.422055587536,0.0,51841.229764842545,0.0,0.0
2025-09-25 00:00:00-04:00,103393.44567863384,0.0,0.0,51539.80670789187,51874.39076673612,0.0,0.0
2025-09-26 00:00:00-04:00,103720.29414768354,0.0,51880.472184714024,0.0,51860.68425126276,0.0,0.0
2025-09-29 00:00:00-04:00,104237.67728094605,0.0,52112.533611201994,0.0,52125.152065857335,0.0,0.0
2025-09-30 00:00:00-04:00,104664.86248607609,0.0,52274.69727412644,0.0,52390.17300852891,0.0,0.0
2025-10-01 00:00:00-04:00,105428.27371696143,0.0,52589.29641991443,0.0,52839.00273331251,0.0,0.0
2025-10-02 00:00:00-04:00,105930.54915345357,0.0,53009.71468417556,0.0,52920.91685383668,0.0,0.0
2025-10-03 00:00:00-04:00,105441.0201302412,0.0,52732.327626423306,0.0,52708.71438811467,0.0,0.0
2025-10-06 00:00:00-04:00,106370.35457351143,0.0,53241.432746139166,0.0,53128.96741258294,0.0,0.0
2025-10-07 00:00:00-04:00,105735.39752569998,0.0,52983.96082747198,0.0,52751.44599556418,0.0,0.0
2025-10-08 00:00:00-04:00,107268.33024498567,0.0,53495.65198236405,0.0,53772.71631546344,0.0,0.0
2025-10-09 00:00:00-04:00,107112.83710004171,0.0,53555.43718399467,0.0,53557.450142776426,0.0,0.0
2025-10-10 00:00:00-04:00,103074.29254584358,0.0,51721.91501545256,0.0,51352.388249460964,0.0,0.0
2025-10-13 00:00:00-04:00,105422.40046287428,0.0,52772.72685056407,0.0,52649.69240215547,0.0,0.0
2025-10-14 00:00:00-04:00,104394.58146446233,0.0,52307.582162735154,0.0,52087.044928105955,0.0,0.0
2025-10-15 00:00:00-04:00,105387.48603233224,0.0,0.0,52797.89876067016,52610.90105372747,0.0,0.0
2025-10-16 00:00:00-04:00,104314.64443689016,0.0,0.0,51703.98850086081,52610.67184993653,0.0,0.0
2025-10-17 00:00:00-04:00,104055.04433043147,0.0,0.0,51836.48189396217,52218.75676906187,0.0,0.0
2025-10-20 00:00:00-04:00,105659.32652633579,0.0,52877.9113569902,0.0,52802.63518409764,0.0,0.0
2025-10-21 00:00:00-04:00,105673.01768448799,0.0,52795.04828385753,0.0,52877.99726837573,0.0,0.0
2025-10-22 00:00:00-04:00,104641.73270682231,0.0,52339.65192522272,0.0,52302.10250483947,0.0,0.0
2025-10-23 00:00:00-04:00,105741.86682409205,0.0,52682.43170567285,0.0,53059.47398080049,0.0,0.0
2025-10-24 00:00:00-04:00,107127.79379593932,0.0,53513.40936639484,0.0,53614.492805519265,0.0,0.0
2025-10-27 00:00:00-04:00,108397.92934899131,0.0,0.0,53921.0548025228,54498.77405941995,0.0,0.0
2025-10-28 00:00:00-04:00,108949.68359091137,0.0,54448.656535626294,0.0,54522.97482759182,0.0,0.0
2025-10-29 00:00:00-04:00,109586.94057780302,0.0,54852.531734729,0.0,54734.481925337845,0.0,0.0
2025-10-30 00:00:00-04:00,108075.36259954765,0.0,53955.05049373692,0.0,54120.33610513987,0.0,0.0
2025-10-31 00:00:00-04:00,108387.8839410296,0.0,54220.95756223745,0.0,54166.928687002866,0.0,0.0
2025-11-03 00:00:00-05:00,108868.86391368067,0.0,54452.6273272311,0.0,54416.2478570054,0.0,0.0
2025-11-04 00:00:00-05:00,106326.70287233067,0.0,53216.995690650365,0.0,53109.76018006042,0.0,0.0
2025-11-05 00:00:00-05:00,106880.6222603481,0.0,53494.836828630476,0.0,53385.812904674254,0.0,0.0
2025-11-06 00:00:00-05:00,104811.24289552339,0.0,52465.814863103275,0.0,52345.44140839035,0.0,0.0
2025-11-07 00:00:00-05:00,104464.93752277836,0.0,52160.27773965421,0.0,52304.7162626004,0.0,0.0
2025-11-10 00:00:00-05:00,106854.69145012891,0.0,53462.17961665529,0.0,0.0,0.0,53414.02497931166
2025-11-11 00:00:00-05:00,107175.31455375948,0.0,0.0,0.0,53347.497866566875,0.0,53849.40685821253
2025-11-12 00:00:00-05:00,106587.63605915813,0.0,0.0,0.0,53348.790969342364,0.0,53238.911859115244
2025-11-13 00:00:00-05:00,105389.33957150622,0.0,0.0,0.0,52194.1710755673,0.0,53195.240831155505
2025-11-14 00:00:00-05:00,106592.19600145164,0.0,0.0,0.0,53628.482372288985,0.0,52964.16619414852
2025-11-17 00:00:00-05:00,104047.79757356818,0.0,0.0,0.0,0.0,51961.71170899614,52107.572297891966
2025-11-18 00:00:00-05:00,104090.90525165622,51646.66670292344,0.0,0.0,0.0,0.0,52465.11362026048
2025-11-19 00:00:00-05:00,103610.58229880063,51753.52235106012,0.0,0.0,0.0,0.0,51857.09715393221
2025-11-20 00:00:00-05:00,102236.08762995419,50754.272564482606,0.0,0.0,0.0,0.0,51481.902429178284
2025-11-21 00:00:00-05:00,103066.30553096047,51570.821987549614,0.0,0.0,0.0,0.0,51495.608316456746
2025-11-24 00:00:00-05:00,103316.28513148041,0.0,0.0,0.0,0.0,51776.43417440128,51560.74013549392
2025-11-25 00:00:00-05:00,103663.37597656195,52037.35625386249,0.0,0.0,0.0,0.0,51646.95743126794
2025-11-26 00:00:00-05:00,104414.20536859929,52083.54926014437,0.0,0.0,0.0,0.0,52330.781880204966
2025-11-28 00:00:00-05:00,105373.44118665371,0.0,0.0,0.0,0.0,52472.230753415155,52922.27576281709
2025-12-01 00:00:00-05:00,105444.67013112236,0.0,0.0,0.0,0.0,52418.295705766795,53026.53637089852
2025-12-02 00:00:00-05:00,104711.59647286592,0.0,0.0,0.0,0.0,52581.89076549848,52129.79203163844
2025-12-03 00:00:00-05:00,106395.44466210106,0.0,0.0,0.0,0.0,53187.81528475777,53207.6694294776
2025-12-04 00:00:00-05:00,106730.7399133016,0.0,0.0,0.0,0.0,53272.59650973737,53458.15325034699
2025-12-05 00:00:00-05:00,106196.1502202677,0.0,0.0,53085.4560513479,0.0,0.0,53132.14770516266
2025-12-08 00:00:00-05:00,105639.31323485017,0.0,0.0,52767.02310958978,0.0,0.0,52872.42849594297
2025-12-09 00:00:00-05:00,106074.53079306288,0.0,0.0,53041.4845575869,0.0,0.0,53033.11264524243
2025-12-10 00:00:00-05:00,107291.15709544189,0.0,0.0,53893.737455196584,53418.88811789864,0.0,0.0
2025-12-11 00:00:00-05:00,107343.7822465252,0.0,0.0,53989.478783860315,0.0,0.0,53375.8628005434
2025-12-12 00:00:00-05:00,105394.01106657027,0.0,0.0,52885.68636187318,52530.01201201538,0.0,0.0
2025-12-15 00:00:00-05:00,105038.93034821458,0.0,0.0,52256.64319435436,0.0,52803.72506407853,0.0
2025-12-16 00:00:00-05:00,104457.45928757986,0.0,0.0,52373.272715862586,0.0,52084.34208355028,0.0
2025-12-17 00:00:00-05:00,103891.46722115389,0.0,0.0,51699.73428784591,0.0,52191.78041209919,0.0
2025-12-18 00:00:00-05:00,104112.85745308486,0.0,0.0,52012.57561765437,0.0,52100.284062436105,0.0
2025-12-19 00:00:00-05:00,104834.41157099008,0.0,0.0,52441.32891099471,0.0,52393.085163586016,0.0
2025-12-22 00:00:00-05:00,106061.70658221701,0.0,0.0,52892.56654051171,0.0,53169.19313168173,0.0
2025-12-23 00:00:00-05:00,105853.45188454878,0.0,0.0,52833.705097529106,0.0,53019.84916724949,0.0
2025-12-24 00:00:00-05:00,106272.18969958155,0.0,0.0,53108.919197765965,0.0,53163.32798905149,0.0
2025-12-26 00:00:00-05:00,105896.02982844783,0.0,0.0,52868.953556405424,0.0,53027.08888138195,0.0
2025-12-29 00:00:00-05:00,105513.26433809637,0.0,0.0,0.0,52979.29726832409,52555.24579784789,0.0
2025-12-30 00:00:00-05:00,105212.964799353,0.0,0.0,0.0,52631.74084998841,52581.2970122178,0.0
2025-12-31 00:00:00-05:00,104301.24085287153,0.0,0.0,0.0,52050.75502472675,52250.51024288352,0.0
2026-01-02 00:00:00-05:00,104574.92801491758,0.0,0.0,0.0,52000.03740206517,52574.95986862511,0.0
2026-01-05 00:00:00-05:00,106917.20060966723,0.0,0.0,53139.94938903168,0.0,53798.48744837067,0.0
2026-01-06 00:00:00-05:00,105484.11570208432,0.0,0.0,0.0,0.0,53706.76523875745,51798.85681810479
2026-01-07 00:00:00-05:00,104149.57407543201,0.0,0.0,0.0,0.0,52181.48694641411,51968.40172540279
2026-01-08 00:00:00-05:00,105329.05597161714,0.0,0.0,52818.20804943962,0.0,52531.97041229478,0.0
2026-01-09 00:00:00-05:00,105568.29601844143,0.0,0.0,52968.378510873925,0.0,52600.01829019036,0.0
2026-01-12 00:00:00-05:00,105409.566735389,0.0,0.0,52805.41077795839,0.0,52604.32435164649,0.0
2026-01-13 00:00:00-05:00,104367.28726934249,0.0,0.0,52517.06280112919,0.0,51850.32885648003,0.0
2026-01-14 00:00:00-05:00,105412.07595273753,0.0,0.0,52486.30056641941,0.0,0.0,52946.75132359397
2026-01-15 00:00:00-05:00,105378.30368000927,0.0,0.0,52844.52214023167,0.0,0.0,52533.82335347663
2026-01-16 00:00:00-05:00,105516.84806070643,0.0,0.0,52675.59277841732,0.0,0.0,52841.343348167866
2026-01-20 00:00:00-05:00,104798.1761823493,0.0,0.0,52811.47751102169,0.0,0.0,51987.00717283664
2026-01-21 00:00:00-05:00,107101.25135459514,0.0,0.0,53613.69904863199,0.0,0.0,53487.650028579024
2026-01-22 00:00:00-05:00,107679.01482910216,0.0,0.0,53675.56612333601,0.0,0.0,54003.585097891286
2026-01-23 00:00:00-05:00,106991.71632053623,0.0,0.0,53250.817936747524,0.0,0.0,53741.131247564954
2026-01-26 00:00:00-05:00,106862.3805354309,0.0,0.0,53671.602843135195,0.0,0.0,53191.016681197005
2026-01-27 00:00:00-05:00,107501.53175261802,0.0,0.0,53668.023563387964,0.0,0.0,53833.57094445262
2026-01-28 00:00:00-05:00,107621.99814422996,0.0,0.0,53495.48788327705,0.0,0.0,54126.558276443946
2026-01-29 00:00:00-05:00,108141.22211227925,0.0,0.0,54339.25714218863,0.0,0.0,53802.30164173054
2026-01-30 00:00:00-05:00,107950.93101878137,0.0,0.0,53461.075936248046,0.0,0.0,54489.899919697215
2026-02-02 00:00:00-05:00,107406.32256742325,0.0,0.0,54111.603290738734,0.0,0.0,53294.77100493525
2026-02-03 00:00:00-05:00,109266.6082379512,0.0,0.0,53837.76763746471,0.0,0.0,55429.00108424651
2026-02-04 00:00:00-05:00,110022.9459377428,0.0,0.0,54098.95607707674,0.0,0.0,55924.28737162604
2026-02-05 00:00:00-05:00,108384.37003900106,0.0,0.0,53936.798214496215,0.0,0.0,54447.903807043986
2026-02-06 00:00:00-05:00,111406.43724550294,0.0,0.0,55868.64567908234,0.0,0.0,55537.793812937794
2026-02-09 00:00:00-05:00,112205.22179214087,0.0,0.0,56092.147341293414,0.0,0.0,56113.14205221125
2026-02-10 00:00:00-05:00,111991.07725476194,0.0,0.0,55982.31517690613,0.0,0.0,56008.778950671855
2026-02-11 00:00:00-05:00,113196.38988376842,0.0,0.0,55862.12939397599,0.0,0.0,57334.31551378893
2026-02-12 00:00:00-05:00,111007.29174688975,0.0,0.0,55204.35834004823,0.0,0.0,55803.13435052414
2026-02-13 00:00:00-05:00,112117.32343579564,0.0,0.0,56099.105474308315,0.0,0.0,56018.2851423487
2026-02-17 00:00:00-05:00,111555.27099752569,56305.87709722165,0.0,0.0,0.0,0.0,55272.07999884681
2026-02-18 00:00:00-05:00,112871.23317361392,0.0,0.0,56409.31651392761,0.0,0.0,56484.63642655973
2026-02-19 00:00:00-05:00,113420.46099727835,0.0,0.0,57072.12670273199,0.0,0.0,56348.55734376196
2026-02-20 00:00:00-05:00,113278.13682097095,56994.672887907196,0.0,0.0,0.0,0.0,56306.369873920296
2026-02-23 00:00:00-05:00,112975.0167346895,56206.93292164431,0.0,0.0,0.0,0.0,56768.16725114258
2026-02-24 00:00:00-05:00,113334.14670243688,56897.76528685651,0.0,0.0,0.0,0.0,56436.49477065036
2026-02-25 00:00:00-05:00,113575.52950952922,57131.43146572835,0.0,0.0,0.0,0.0,56444.1968091953
2026-02-26 00:00:00-05:00,113941.8787326861,0.0,0.0,56722.08989537053,0.0,0.0,57242.79000849394
2026-02-27 00:00:00-05:00,113861.50942311661,0.0,0.0,56712.83524380009,0.0,0.0,57149.07602380923
2026-03-02 00:00:00-05:00,115581.33631360078,0.0,0.0,58822.793577273296,0.0,0.0,56759.171528732266
2026-03-03 00:00:00-05:00,114042.96285926577,0.0,0.0,57726.60997370687,0.0,0.0,56316.38378585813
2026-03-04 00:00:00-05:00,114274.5662762908,0.0,0.0,57132.76257431565,0.0,0.0,57142.26960786885
2026-03-05 00:00:00-05:00,113474.06888679323,0.0,0.0,56516.81897507374,0.0,0.0,56957.44393016184
2026-03-06 00:00:00-05:00,112280.6718103374,0.0,0.0,56359.6197914357,0.0,0.0,55921.511686148384
2026-03-09 00:00:00-04:00,112807.17649441255,0.0,0.0,0.0,57438.08877753777,0.0,55391.70530582416
2026-03-10 00:00:00-04:00,112089.28991971217,0.0,0.0,0.0,56259.9663776173,0.0,55829.800229502864
2026-03-11 00:00:00-04:00,113651.95387862815,0.0,56085.79477905324,0.0,0.0,0.0,57589.03384396734
2026-03-12 00:00:00-04:00,113207.53417668649,0.0,56156.7233846988,0.0,0.0,0.0,57051.24160587769
2026-03-13 00:00:00-04:00,113058.50604996135,0.0,56146.44319599608,0.0,0.0,0.0,56912.19460623179
2026-03-16 00:00:00-04:00,113885.29195790096,0.0,56889.8478406197,0.0,0.0,0.0,56995.48997554272
2026-03-17 00:00:00-04:00,114762.94697537852,0.0,57251.92971744376,0.0,0.0,0.0,57511.051338024714
2026-03-18 00:00:00-04:00,113884.10961614049,0.0,56779.05794561909,0.0,0.0,0.0,57105.1843035061
2026-03-19 00:00:00-04:00,114611.56765747484,0.0,57238.375482773896,0.0,0.0,0.0,57373.44822494771
2026-03-20 00:00:00-04:00,113502.31888821517,0.0,56435.123750698105,0.0,0.0,0.0,57067.2995084147
2026-03-23 00:00:00-04:00,114823.51066383877,0.0,0.0,0.0,56446.58015880175,0.0,58400.06037564486
2026-03-24 00:00:00-04:00,115656.85483882495,0.0,0.0,0.0,57351.14696676511,0.0,58306.21459838941
2026-03-25 00:00:00-04:00,115655.13705823416,0.0,0.0,0.0,57596.15143801817,0.0,58058.990470344994
2026-03-26 00:00:00-04:00,115775.06745762988,0.0,0.0,0.0,0.0,57449.34174854321,58348.977214973835
2026-03-27 00:00:00-04:00,115693.50125802218,0.0,0.0,0.0,57010.17719109623,0.0,58706.57379304402
2026-03-30 00:00:00-04:00,114754.59367149924,0.0,57450.37153765233,0.0,0.0,0.0,57327.86123058476
2026-03-31 00:00:00-04:00,116349.79685924985,0.0,0.0,0.0,59375.56523582974,0.0,56997.675572152635
2026-04-01 00:00:00-04:00,114271.37160476873,0.0,0.0,0.0,0.0,57290.55669041861,57005.119928115404
2026-04-02 00:00:00-04:00,114679.86016826976,0.0,0.0,0.0,0.0,58360.68101721547,56319.57428436289
2026-04-06 00:00:00-04:00,115154.02253503854,0.0,0.0,0.0,57364.20343635327,0.0,57813.345895109254
2026-04-07 00:00:00-04:00,115703.11836689184,0.0,0.0,57877.83010197679,0.0,0.0,57848.61588521104
2026-04-08 00:00:00-04:00,115477.18701430486,0.0,0.0,56934.08963897322,0.0,0.0,58544.18375801271
2026-04-09 00:00:00-04:00,115104.89622269556,0.0,0.0,58337.26877923134,0.0,0.0,56768.05928934662
2026-04-10 00:00:00-04:00,114571.15417213754,0.0,0.0,57281.08498156033,0.0,0.0,57290.43908120996
2026-04-13 00:00:00-04:00,117364.02896334615,0.0,0.0,58578.699851900936,0.0,58808.80556430287,0.0
2026-04-14 00:00:00-04:00,118306.80114155558,0.0,0.0,59178.80448519792,0.0,59128.079763767644,0.0
2026-04-15 00:00:00-04:00,119549.60410636177,0.0,0.0,59460.17401995463,60113.42953136667,0.0,0.0
2026-04-16 00:00:00-04:00,120358.3827811055,0.0,0.0,60030.41628853752,60328.157198427565,0.0,0.0
2026-04-17 00:00:00-04:00,122580.10649204424,0.0,0.0,61459.95065605805,61120.20952442512,0.0,0.0
2026-04-20 00:00:00-04:00,123012.66683669062,0.0,0.0,61755.42866542636,61257.25998437524,0.0,0.0
2026-04-21 00:00:00-04:00,122434.47233228006,0.0,0.0,60872.11828392528,61562.45688487101,0.0,0.0
2026-04-22 00:00:00-04:00,124219.25287104012,0.0,0.0,61615.68287988649,62603.694901958,0.0,0.0
2026-04-23 00:00:00-04:00,123114.45844102436,0.0,0.0,61605.484726569826,61509.0567514448,0.0,0.0
2026-04-24 00:00:00-04:00,125553.26916900866,0.0,62678.76792669275,0.0,62899.65485725196,0.0,0.0
2026-04-27 00:00:00-04:00,125723.3777223537,0.0,62793.146000064284,0.0,62930.27482207174,0.0,0.0
2026-04-28 00:00:00-04:00,124026.92398094533,0.0,61874.47904825616,0.0,62152.56079941212,0.0,0.0
2026-04-29 00:00:00-04:00,124901.84901095447,0.0,62535.000632525,0.0,62366.962128063766,0.0,0.0
2026-04-30 00:00:00-04:00,125637.09973154907,0.0,62960.76005026199,0.0,62676.40292330182,0.0,0.0
2026-05-01 00:00:00-04:00,127172.83257265897,0.0,63530.61248185482,0.0,63642.23391172028,0.0,0.0
2026-05-04 00:00:00-04:00,127124.04246032015,0.0,63607.23829900714,0.0,63516.883689344,0.0,0.0
2026-05-05 00:00:00-04:00,129352.05757087775,0.0,64504.19425170327,0.0,64847.89217154131,0.0,0.0
2026-05-06 00:00:00-04:00,132414.1486843037,0.0,66168.16691438587,0.0,66246.11119813721,0.0,0.0
2026-05-07 00:00:00-04:00,132202.75498126278,0.0,66134.30379156499,0.0,66068.469495726,0.0,0.0
2026-05-08 00:00:00-04:00,136022.14230569845,0.0,67786.11433724787,0.0,68236.06836559979,0.0,0.0
2026-05-11 00:00:00-04:00,137133.4329833585,0.0,68372.77049426822,0.0,68760.81972517449,0.0,0.0
2026-05-12 00:00:00-04:00,135517.86091129342,0.0,67895.22849786106,0.0,67622.67393722199,0.0,0.0
2026-05-13 00:00:00-04:00,136872.94103370424,0.0,68745.81180482137,0.0,68127.18290048241,0.0,0.0
2026-05-14 00:00:00-04:00,138383.24312042908,0.0,69026.1614974743,0.0,69357.16498148079,0.0,0.0
2026-05-15 00:00:00-04:00,136089.8963216353,0.0,67977.27991120396,0.0,68112.61941263493,0.0,0.0
2026-05-18 00:00:00-04:00,135065.19180524818,0.0,67888.4204974491,0.0,67176.854435671,0.0,0.0
2026-05-19 00:00:00-04:00,134215.31255707247,0.0,67081.54113374813,0.0,67133.92777541482,0.0,0.0
