etf,event,n,mean,median,std,volatility_ann,p05,p25,p75,p95,skewness,kurtosis,left_tail_freq,prob_correction_gt_5pct,prob_continued_rally_gt_2pct,mean_max_drawdown,drawdown_prob_gt_3pct,horizon,event_count,comparison,mean_diff,left_tail_diff,correction_prob_diff
SPY,A_narrow_rally,68.0,0.0034470240244148945,0.003122504287934036,0.013538567854256865,0.04805714854481483,-0.0179963527206075,-0.002462554238935377,0.013144521474802162,0.021855191340407754,-0.7999350834309252,1.1873147784709976,0.10294117647058823,0.0,0.11764705882352941,-0.00813405083444605,0.04411764705882353,5,68.0,,,,
SPY,A_narrow_rally,68.0,0.005442547751389746,0.005790586457346758,0.018798386880446164,0.06672765394697557,-0.024956674301307814,-0.008172620160283445,0.017301374354176002,0.03699928096472864,0.11810441482072997,-0.5503968669561017,0.10294117647058823,0.0,0.19117647058823528,-0.016125511684138845,0.14705882352941177,10,68.0,,,,
SPY,A_narrow_rally,68.0,0.009958251026785212,0.016797752936582477,0.02863989713283693,0.10166154985057754,-0.04883207444362473,-0.002697266924830216,0.03148822592166728,0.04809683815244807,-0.7589392894535543,-0.1476385715169939,0.10294117647058823,0.058823529411764705,0.4411764705882353,-0.02655960311572387,0.3088235294117647,20,68.0,,,,
SPY,A_narrow_rally,,,,,,,,,,,,,,,,,20,,vs_unconditional,-0.002426764054518797,0.0026603902692244052,-0.016186498666855426
SPY,B_passive_dominance,28.0,0.008043405926437918,0.009219743230827304,0.011368119089570472,0.04035281971060601,-0.010853128941831235,0.004525057378650388,0.013715683700547487,0.020534317705132647,-1.9070985581552382,5.68112795378918,0.10714285714285714,0.0,0.07142857142857142,-0.006837275506641616,0.07142857142857142,5,28.0,,,,
SPY,B_passive_dominance,28.0,0.014681463234058436,0.015326430283334136,0.011561061977379841,0.04103769902132313,-0.004901207886400732,0.00824451375448415,0.021672060683790517,0.03176231438675783,-0.46678587979806724,0.858020317518104,0.10714285714285714,0.0,0.2857142857142857,-0.011277223901862988,0.10714285714285714,10,28.0,,,,
SPY,B_passive_dominance,28.0,0.02374538287694688,0.02767735323116105,0.02756208619290432,0.09783570054353419,-0.03294453734997221,0.017672603493494587,0.038183125260338235,0.05761710748029329,-1.0866489546120157,1.432821756011852,0.10714285714285714,0.0,0.6785714285714286,-0.01750038005408532,0.21428571428571427,20,28.0,,,,
SPY,B_passive_dominance,,,,,,,,,,,,,,,,,20,,vs_unconditional,0.011360367795642869,0.006862070941493312,-0.07501002807862013
SPY,C_participation_recovery,122.0,0.004964152989709433,0.005539837239610823,0.018884521145718886,0.06703340025822282,-0.023541741740905203,-0.004015382597311934,0.013319765211934842,0.0307850866970432,1.0460269787264367,9.589830434683563,0.10655737704918032,0.00819672131147541,0.09836065573770492,-0.009407829101873388,0.03278688524590164,5,122.0,,,,
SPY,C_participation_recovery,122.0,0.006509748189013723,0.00846897618438791,0.027093222748781887,0.09617140041784988,-0.05884651610315412,-0.0021862368396838305,0.019568379096223998,0.03570988129653601,-0.10141848095913358,4.751632997109752,0.10655737704918032,0.05737704918032787,0.2459016393442623,-0.018347094370402522,0.1557377049180328,10,122.0,,,,
SPY,C_participation_recovery,122.0,0.014424117372757766,0.018615956059795713,0.04182043060287202,0.148447802406103,-0.05768189856987325,0.0001820673715313137,0.03780950108102754,0.06991336121066791,-0.7375467535120143,5.369262509383449,0.10655737704918032,0.05737704918032787,0.47540983606557374,-0.03064718889675171,0.32786885245901637,20,122.0,,,,
SPY,C_participation_recovery,,,,,,,,,,,,,,,,,20,,vs_unconditional,0.002039102291453756,0.006276590847816496,-0.01763297889829226
QQQ,A_narrow_rally,58.0,0.005394031099505251,0.007715973334575521,0.02298538577918693,0.08159002566899594,-0.038334782914602974,-0.006100376736316582,0.018634265701184594,0.03708283138125799,-0.9975835114773057,1.9345910390978687,0.10344827586206896,0.034482758620689655,0.22413793103448276,-0.01122525094990164,0.10344827586206896,5,58.0,,,,
QQQ,A_narrow_rally,57.0,0.006965105998597602,0.010305738089020577,0.026927723047357778,0.09558393475522736,-0.047682013775776765,-0.003947639050520091,0.027113804773786,0.042715204149284855,-0.7386376844426776,0.3264021708254159,0.10526315789473684,0.05263157894736842,0.3157894736842105,-0.023330034646895603,0.2982456140350877,10,58.0,,,,
QQQ,A_narrow_rally,57.0,0.016275750874021874,0.02991662401438533,0.04189465128782198,0.14871125970233515,-0.07412069632664466,-0.0028362406927874284,0.04351108531499093,0.05950006831478526,-1.111948696562544,0.581919662693096,0.10526315789473684,0.12280701754385964,0.5964912280701754,-0.03830986768660207,0.43859649122807015,20,58.0,,,,
QQQ,A_narrow_rally,,,,,,,,,,,,,,,,,20,,vs_unconditional,-0.000696970282899674,0.004982371693373011,0.012498152722359449
QQQ,B_passive_dominance,9.0,-0.00971336141551693,-0.001521618780625178,0.0358121017388432,0.1271203506524861,-0.06335538811345573,-0.03396845202061016,0.0043682762254062535,0.03200612578900568,-0.8625168965991055,0.6975453765989217,0.1111111111111111,0.1111111111111111,0.2222222222222222,-0.023116742170510005,0.3333333333333333,5,9.0,,,,
QQQ,B_passive_dominance,9.0,-0.005981042984680311,-0.0007451072745411347,0.04141715754474691,0.14701632505435736,-0.07474394017101489,-0.0037829250069401077,0.026947646447686324,0.03277366961582664,-1.0989086360695195,-0.05982545267027817,0.1111111111111111,0.2222222222222222,0.3333333333333333,-0.036295055480313296,0.4444444444444444,10,9.0,,,,
QQQ,B_passive_dominance,9.0,-0.014462687114128903,0.0052016916082313625,0.0477877295631482,0.16962961244926375,-0.08208597568506168,-0.04152203204558602,0.009426459714665159,0.0433783022348535,-0.5231902040361486,-0.024994274464078536,0.1111111111111111,0.2222222222222222,0.2222222222222222,-0.05896181922573359,0.6666666666666666,20,9.0,,,,
QQQ,B_passive_dominance,,,,,,,,,,,,,,,,,20,,vs_unconditional,-0.03143540827105045,0.01083032490974728,0.11191335740072202
QQQ,C_participation_recovery,116.0,0.004315263623544321,0.006028698008170408,0.02900324100302916,0.10295129264543199,-0.04403523677539989,-0.012760337430417629,0.01952050953355916,0.04985908036747316,-0.31732056557293603,1.3391453462581953,0.10344827586206896,0.034482758620689655,0.2413793103448276,-0.014553716666166575,0.13793103448275862,5,116.0,,,,
QQQ,C_participation_recovery,116.0,0.008661538652441538,0.010352682071295138,0.042437623854714064,0.15063862111779594,-0.06866333637922775,-0.01598878595033032,0.03425796303491685,0.07719488344334408,-0.15517524432614718,0.6878143294305827,0.10344827586206896,0.09482758620689655,0.3793103448275862,-0.027826595735725827,0.33620689655172414,10,116.0,,,,
QQQ,C_participation_recovery,116.0,0.019555273383341586,0.020937115889052116,0.06158672886461012,0.2186112009258945,-0.09188509885358737,-0.010127468245693494,0.056843806145791376,0.11612113145912928,-0.29120394031727287,0.5443062842976509,0.10344827586206896,0.12931034482758622,0.5086206896551724,-0.0462547783614202,0.5431034482758621,20,116.0,,,,
QQQ,C_participation_recovery,,,,,,,,,,,,,,,,,20,,vs_unconditional,0.0025825522264200373,0.003167489660705139,0.01900148000608602
XLK,A_narrow_rally,50.0,0.008326208875390744,0.008421773235984475,0.02639438191662413,0.09369076154661006,-0.03626855329610068,-0.004404639368542018,0.022359521496762236,0.04672179291919464,0.4398384145232784,1.828759021917067,0.1,0.02,0.36,-0.010541199824213563,0.12,5,50.0,,,,
XLK,A_narrow_rally,49.0,0.012051067686274414,0.010726546447668905,0.03337395782716546,0.11846579830998766,-0.04558343678810192,-0.0034111179399854974,0.032767390939411056,0.07453993333005102,0.01962848277833975,0.18949997932160123,0.10204081632653061,0.061224489795918366,0.3469387755102041,-0.021865690957986298,0.2653061224489796,10,50.0,,,,
XLK,A_narrow_rally,48.0,0.006086203665953732,0.013859471466591389,0.0456289599437862,0.16196674046837745,-0.08138684989871751,-0.01949227230355996,0.039095970674902225,0.06920275740613234,-0.6537095980539096,-0.19893215107833262,0.10416666666666667,0.14583333333333334,0.375,-0.04791368355073319,0.6041666666666666,20,50.0,,,,
XLK,A_narrow_rally,,,,,,,,,,,,,,,,,20,,vs_unconditional,-0.01301321738409364,0.003885880465302846,0.02830425190533495
XLK,B_passive_dominance,11.0,0.012304217101401565,0.011954440552869317,0.02810604834465032,0.09976657463676372,-0.029822086974881368,0.0006824184905142028,0.026504530642251667,0.05254576180900794,0.04659116837732536,-0.11886025552638557,0.09090909090909091,0.0,0.2727272727272727,-0.010172844010500509,0.18181818181818182,5,11.0,,,,
XLK,B_passive_dominance,11.0,0.02037877428714123,0.009044659281382206,0.02973908372301099,0.10556327518896731,-0.01135029624575462,0.0007864181882099031,0.04137006356666961,0.06626571937756542,0.7756093871138403,-0.14239489783562753,0.09090909090909091,0.0,0.36363636363636365,-0.0195340352874501,0.18181818181818182,10,11.0,,,,
XLK,B_passive_dominance,11.0,0.032786094130646794,0.03672200638702772,0.03547634920263256,0.125928547377526,-0.01813895150641387,0.006908389609263099,0.057917608841463575,0.07721067671242221,-0.4272568572236584,-0.33213151299538524,0.09090909090909091,0.0,0.6363636363636364,-0.029717673089927007,0.2727272727272727,20,11.0,,,,
XLK,B_passive_dominance,,,,,,,,,,,,,,,,,20,,vs_unconditional,0.013686673080599423,-0.009371695292272914,-0.1175290814279984
XLK,C_participation_recovery,109.0,0.0037664631743606343,0.005556347986384935,0.028015983728046378,0.0994468769622858,-0.04504881920947883,-0.010295255379361379,0.02072348987696926,0.041844668305192984,-0.5824603724139075,2.266450330288975,0.10091743119266056,0.045871559633027525,0.26605504587155965,-0.01845610083490351,0.21100917431192662,5,109.0,,,,
XLK,C_participation_recovery,109.0,0.006256774723479713,0.008696464370602452,0.04871986031725461,0.17293834839500835,-0.08429776194293989,-0.014846217527178407,0.03323968029240176,0.08958186132587624,-0.27242448542422654,0.6830547637878768,0.10091743119266056,0.11926605504587157,0.3669724770642202,-0.03486940136678956,0.47706422018348627,10,109.0,,,,
XLK,C_participation_recovery,109.0,0.02164410259375983,0.02537927461250522,0.07119037122373251,0.25270074956884836,-0.10404537585164013,-0.0094074964406472,0.05500868092275257,0.13751761077331076,0.1248322453392772,0.4745323027713608,0.10091743119266056,0.1743119266055046,0.5412844036697247,-0.05206161301847772,0.6422018348623854,20,109.0,,,,
XLK,C_participation_recovery,,,,,,,,,,,,,,,,,20,,vs_unconditional,0.0025446815437124605,0.0006366449912967309,0.0567828451775062
