ticker,idea,regime,ic_5d
SPY,momentum,bull,-0.06215293019794352
SPY,momentum,bear,-0.2750905279207166
SPY,momentum,high_vol,-0.22293327362292883
SPY,momentum,low_vol,-0.09442771486565887
SPY,breakout,bull,-0.04686114606907902
SPY,breakout,bear,0.04741847567996095
SPY,breakout,high_vol,-0.12777065551277067
SPY,breakout,low_vol,-0.04305550170350646
SPY,mean_reversion,bull,-0.08181849680758242
SPY,mean_reversion,bear,-0.03807890222984562
SPY,mean_reversion,high_vol,0.0071919772109525415
SPY,mean_reversion,low_vol,-0.053682448176467536
SPY,earnings_reaction,bull,-0.008178474794323171
SPY,earnings_reaction,bear,-0.06148275204878978
SPY,earnings_reaction,high_vol,0.03736415387269277
SPY,earnings_reaction,low_vol,-0.05189725785890585
QQQ,momentum,bull,-0.02921021240143765
QQQ,momentum,bear,-0.27005908137983603
QQQ,momentum,high_vol,-0.19654052843708017
QQQ,momentum,low_vol,-0.012157136370920356
QQQ,breakout,bull,0.018584987929453605
QQQ,breakout,bear,0.13440317142085395
QQQ,breakout,high_vol,-0.03069693183054106
QQQ,breakout,low_vol,-0.018298782018534587
QQQ,mean_reversion,bull,-0.062426849336519825
QQQ,mean_reversion,bear,-0.08473413379073755
QQQ,mean_reversion,high_vol,-0.019865820624833906
QQQ,mean_reversion,low_vol,-0.03934766581434514
QQQ,earnings_reaction,bull,-0.004154710194001972
QQQ,earnings_reaction,bear,-0.040060987230798546
QQQ,earnings_reaction,high_vol,0.041731743819030345
QQQ,earnings_reaction,low_vol,-0.037939239420158345
IWM,momentum,bull,-0.09211065146841789
IWM,momentum,bear,-0.04631217838765008
IWM,momentum,high_vol,-0.15658755038065386
IWM,momentum,low_vol,-0.14544495486352227
IWM,breakout,bull,-0.03455570904734399
IWM,breakout,bear,-0.001867769540448623
IWM,breakout,high_vol,-0.1560574245751593
IWM,breakout,low_vol,-0.01349218267561268
IWM,mean_reversion,bull,-0.06289993341724051
IWM,mean_reversion,bear,-0.028625881456070132
IWM,mean_reversion,high_vol,0.041662742611509214
IWM,mean_reversion,low_vol,-0.04292593679341353
IWM,earnings_reaction,bull,-0.047373355886574424
IWM,earnings_reaction,bear,0.10623213264722699
IWM,earnings_reaction,high_vol,0.06013828214966734
IWM,earnings_reaction,low_vol,-0.09038438303674678
XLK,momentum,bull,0.022160721190044967
XLK,momentum,bear,-0.25991995425957687
XLK,momentum,high_vol,-0.1638356471115092
XLK,momentum,low_vol,0.03723425564873671
XLK,breakout,bull,0.03957342875487277
XLK,breakout,bear,0.14754098628712095
XLK,breakout,high_vol,-0.002452665302052234
XLK,breakout,low_vol,0.039184923337069695
XLK,mean_reversion,bull,-0.09934480704724287
XLK,mean_reversion,bear,-0.0958643034114732
XLK,mean_reversion,high_vol,-0.029818778585381997
XLK,mean_reversion,low_vol,-0.14276048614381628
XLK,earnings_reaction,bull,-0.030131736067081343
XLK,earnings_reaction,bear,0.005831903945111492
XLK,earnings_reaction,high_vol,0.037791215400323555
XLK,earnings_reaction,low_vol,-0.0625669754585646
XLF,momentum,bull,-0.056326741029942014
XLF,momentum,bear,-0.24352963598246616
XLF,momentum,high_vol,-0.07594491715181372
XLF,momentum,low_vol,-0.17025499439132522
XLF,breakout,bull,0.01776064473007528
XLF,breakout,bear,-0.0703653586054726
XLF,breakout,high_vol,-0.07053851193108758
XLF,breakout,low_vol,-0.036168455495327524
XLF,mean_reversion,bull,-0.032900642893366645
XLF,mean_reversion,bear,0.139241471316943
XLF,mean_reversion,high_vol,0.0766370303372201
XLF,mean_reversion,low_vol,0.043116291341087236
XLF,earnings_reaction,bull,-0.04379942943415688
XLF,earnings_reaction,bear,-0.10329909091052586
XLF,earnings_reaction,high_vol,0.014411002154425407
XLF,earnings_reaction,low_vol,-0.08268835920010882
XLE,momentum,bull,0.15077876005004065
XLE,momentum,bear,-0.4884696016771488
XLE,momentum,high_vol,-0.18550156739811913
XLE,momentum,low_vol,0.2601456920036323
XLE,breakout,bull,-0.1674235530818173
XLE,breakout,bear,-0.38570118305888845
XLE,breakout,high_vol,-0.3581730673076838
XLE,breakout,low_vol,-0.05916105687469842
XLE,mean_reversion,bull,0.1320758056491399
XLE,mean_reversion,bear,0.5169048980369735
XLE,mean_reversion,high_vol,0.43946775825333695
XLE,mean_reversion,low_vol,0.003795748584053121
XLE,earnings_reaction,bull,0.0387381580824297
XLE,earnings_reaction,bear,0.07131694301505621
XLE,earnings_reaction,high_vol,0.06228291427532413
XLE,earnings_reaction,low_vol,0.007609751093926994
AAPL,momentum,bull,-0.10194900776289026
AAPL,momentum,bear,-0.3459881837240328
AAPL,momentum,high_vol,-0.05725929243170623
AAPL,momentum,low_vol,-0.23884775118850488
AAPL,breakout,bull,-0.050756400556249096
AAPL,breakout,bear,-0.23056984943777392
AAPL,breakout,high_vol,-0.07852143093779591
AAPL,breakout,low_vol,-0.155643140922653
AAPL,mean_reversion,bull,0.08032844694776022
AAPL,mean_reversion,bear,0.3187726319801791
AAPL,mean_reversion,high_vol,0.19442022667829117
AAPL,mean_reversion,low_vol,0.13667505837621652
AAPL,earnings_reaction,bull,0.03231806249719697
AAPL,earnings_reaction,bear,-0.19008957499523532
AAPL,earnings_reaction,high_vol,0.0030034174246697963
AAPL,earnings_reaction,low_vol,-0.05231840496697151
MSFT,momentum,bull,0.11060359839179967
MSFT,momentum,bear,0.025576519916142557
MSFT,momentum,high_vol,-0.036159874608150476
MSFT,momentum,low_vol,0.1673538406068052
MSFT,breakout,bull,0.0069371337410504405
MSFT,breakout,bear,0.08703786400192469
MSFT,breakout,high_vol,-0.11155786749885169
MSFT,breakout,low_vol,0.08269750550019275
MSFT,mean_reversion,bull,0.011655657787115465
MSFT,mean_reversion,bear,-0.11118734514960929
MSFT,mean_reversion,high_vol,0.0714432907981295
MSFT,mean_reversion,low_vol,-0.023218816497722894
MSFT,earnings_reaction,bull,-0.04737125595723705
MSFT,earnings_reaction,bear,0.057975986277873065
MSFT,earnings_reaction,high_vol,-0.027461548144660095
MSFT,earnings_reaction,low_vol,-0.01555729252710456
NVDA,momentum,bull,-0.1312729841534709
NVDA,momentum,bear,-0.3294453973699256
NVDA,momentum,high_vol,-0.2557635467980296
NVDA,momentum,low_vol,-0.09111926446236845
NVDA,breakout,bull,-0.025998241787276048
NVDA,breakout,bear,0.34670072147418945
NVDA,breakout,high_vol,-0.04191516539575918
NVDA,breakout,low_vol,0.027098765897301855
NVDA,mean_reversion,bull,0.060128926661617836
NVDA,mean_reversion,bear,-0.20205831903945107
NVDA,mean_reversion,high_vol,0.10774165574924587
NVDA,mean_reversion,low_vol,-0.043826422296139395
NVDA,earnings_reaction,bull,-0.10102055065847035
NVDA,earnings_reaction,bear,-0.039146178768820275
NVDA,earnings_reaction,high_vol,-0.08295157327415391
NVDA,earnings_reaction,low_vol,-0.08519845447887976
AMZN,momentum,bull,-0.18904648528384307
AMZN,momentum,bear,-0.3297503335239184
AMZN,momentum,high_vol,-0.08749664128974476
AMZN,momentum,low_vol,-0.361370586507131
AMZN,breakout,bull,0.01392593849647786
AMZN,breakout,bear,0.2170001905850962
AMZN,breakout,high_vol,0.012195777589917276
AMZN,breakout,low_vol,0.029403579278674315
AMZN,mean_reversion,bull,0.05666584319437651
AMZN,mean_reversion,bear,-0.12140270630836666
AMZN,mean_reversion,high_vol,0.048592701723631504
AMZN,mean_reversion,low_vol,0.09898683052280924
AMZN,earnings_reaction,bull,0.03913173321717724
AMZN,earnings_reaction,bear,0.048446731465599385
AMZN,earnings_reaction,high_vol,0.05060306122924718
AMZN,earnings_reaction,low_vol,0.020781686511703597
GOOGL,momentum,bull,-0.10812986149670382
GOOGL,momentum,bear,-0.009948542024013721
GOOGL,momentum,high_vol,0.01578369905956113
GOOGL,momentum,low_vol,-0.17644122910100954
GOOGL,breakout,bull,0.11905185706791094
GOOGL,breakout,bear,-0.1342964971691665
GOOGL,breakout,high_vol,0.0526330218953912
GOOGL,breakout,low_vol,0.03612582189256954
GOOGL,mean_reversion,bull,-0.06382510228530809
GOOGL,mean_reversion,bear,0.19672193634457782
GOOGL,mean_reversion,high_vol,-0.029876590407899705
GOOGL,mean_reversion,low_vol,0.0036675304949464805
GOOGL,earnings_reaction,bull,-0.04121996294824679
GOOGL,earnings_reaction,bear,-0.007661520869068038
GOOGL,earnings_reaction,high_vol,-0.033419895658984844
GOOGL,earnings_reaction,low_vol,-0.02927761435450822
META,momentum,bull,0.037976047544432394
META,momentum,bear,-0.36047265103868875
META,momentum,high_vol,-0.0608396775638155
META,momentum,low_vol,-0.06705871748304043
META,breakout,bull,-0.11984517293988503
META,breakout,bear,-0.02195582153670218
META,breakout,high_vol,-0.11991997646402495
META,breakout,low_vol,-0.09049335675173041
META,mean_reversion,bull,0.08945593980762548
META,mean_reversion,bear,-0.12109777015437391
META,mean_reversion,high_vol,0.06586165257892013
META,mean_reversion,low_vol,0.0879788144265076
META,earnings_reaction,bull,0.06694349735131414
META,earnings_reaction,bear,0.10120068610634647
META,earnings_reaction,high_vol,0.10702180531402541
META,earnings_reaction,low_vol,0.03732872405741211
JPM,momentum,bull,-0.005404661610274031
JPM,momentum,bear,-0.2125786163522012
JPM,momentum,high_vol,0.0414755933721451
JPM,momentum,low_vol,-0.16814339511778215
JPM,breakout,bull,0.05567566073169855
JPM,breakout,bear,-0.04663578325727386
JPM,breakout,high_vol,0.05393744847151662
JPM,breakout,low_vol,-0.041296932575310086
JPM,mean_reversion,bull,-0.021277834000885874
JPM,mean_reversion,bear,0.14473032208881262
JPM,mean_reversion,high_vol,0.04553613472019543
JPM,mean_reversion,low_vol,0.07335997968236432
JPM,earnings_reaction,bull,0.005628260609030506
JPM,earnings_reaction,bear,-0.11964932342290831
JPM,earnings_reaction,high_vol,-0.008611164208887169
JPM,earnings_reaction,low_vol,-0.01564408631049983
UNH,momentum,bull,-0.10761511336184215
UNH,momentum,bear,0.11217838765008574
UNH,momentum,high_vol,0.02540080609046126
UNH,momentum,low_vol,-0.17589371561348216
UNH,breakout,bull,-0.09099300086135613
UNH,breakout,bear,0.23830825123457436
UNH,breakout,high_vol,0.08336245881631003
UNH,breakout,low_vol,-0.06855984718350346
UNH,mean_reversion,bull,-0.017359065867433562
UNH,mean_reversion,bear,-0.10722317514770344
UNH,mean_reversion,high_vol,-0.11625118304435192
UNH,mean_reversion,low_vol,-0.03749244869427136
UNH,earnings_reaction,bull,-0.09653240168468331
UNH,earnings_reaction,bear,0.19374880884314843
UNH,earnings_reaction,high_vol,0.012738182377651069
UNH,earnings_reaction,low_vol,-0.10316476764169946
XOM,momentum,bull,0.13229666624998423
XOM,momentum,bear,-0.49456832475700396
XOM,momentum,high_vol,-0.21890729959695476
XOM,momentum,low_vol,0.2613742588536937
XOM,breakout,bull,-0.08560770493259412
XOM,breakout,bear,-0.2924935022842613
XOM,breakout,high_vol,-0.2737613941195006
XOM,breakout,low_vol,0.010628701977645875
XOM,mean_reversion,bull,0.040198497320565164
XOM,mean_reversion,bear,0.529178578235182
XOM,mean_reversion,high_vol,0.3768967173141746
XOM,mean_reversion,low_vol,-0.05909325153676776
XOM,earnings_reaction,bull,0.020959244721415124
XOM,earnings_reaction,bear,0.0814560701353154
XOM,earnings_reaction,high_vol,0.002244404141937349
XOM,earnings_reaction,low_vol,0.03911194178898754
